dataset,som_seed,regime,selector_seed,requested_k,selected_k,occupied_node_metaclusters,occupied_event_metaclusters,r_runtime_seconds,label_information_used_for_selection,evaluation_mode,n_total_events,n_evaluable_events,n_true_populations,n_predicted_clusters_all_events,n_predicted_clusters_evaluable,clusters_absent_from_evaluation,overclustering_ratio_evaluable,ari,macro_precision,macro_recall,macro_f1,weighted_precision,weighted_recall,weighted_f1,hungarian_accuracy,matched_clusters,unmatched_evaluable_clusters,unmatched_evaluable_events,mean_population_effective_predicted_clusters,median_population_effective_predicted_clusters,mean_population_split_clusters_ge_1pct,mean_evaluable_cluster_purity,weighted_evaluable_cluster_purity,mean_cluster_effective_true_populations,mean_cluster_merge_populations_ge_1pct
Levine_32dim,0,official_auto_max40,12345,40,6,6,6,4.65,False,multiclass_rectangular_hungarian,265627,104184,14,6,5,1,0.35714285714285715,0.6795100768420723,0.2567069747177843,0.34989792931180086,0.2891605202507067,0.5493459408752522,0.7040620440758658,0.6040713477933082,0.7040620440758658,5,0,0,1.0171428327052892,1.004816730459535,1.2142857142857142,0.7187795292097962,0.7040620440758658,1.9558303169127371,3.0
Levine_32dim,0,official_fixed_ktrue,12345,14,14,14,14,0.9,False,multiclass_rectangular_hungarian,265627,104184,14,14,12,2,0.8571428571428571,0.6852883869972574,0.45258586317527927,0.5471857336340354,0.4720614093782027,0.654664434484666,0.7313886969208324,0.651804882203093,0.7313886969208324,12,0,0,1.152736525401881,1.06405500278523,1.6428571428571428,0.716852629456678,0.746957306304231,1.9712167429396832,3.1666666666666665
Levine_32dim,0,official_fixed_k40,12345,40,40,40,40,4.16,False,multiclass_rectangular_hungarian,265627,104184,14,40,37,3,2.642857142857143,0.7814610675490865,0.8455226547462066,0.7646501295246101,0.7776391852647675,0.9704897505832459,0.7910811640942946,0.8613485107088108,0.7910811640942947,14,23,18013,1.6651773972210793,1.4626037310108515,3.357142857142857,0.8499671774860236,0.9625566305766721,1.4924134741637418,2.4054054054054053
Levine_32dim,1,official_auto_max40,12345,40,6,6,6,4.63,False,multiclass_rectangular_hungarian,265627,104184,14,6,5,1,0.35714285714285715,0.6639745658857414,0.25675578130974047,0.3499620076326394,0.28734977866003714,0.5512345042802584,0.6968152499424095,0.5998642679447045,0.6968152499424096,5,0,0,1.0186342245079565,1.0012534446491081,1.2857142857142858,0.7189161876672733,0.6968152499424096,2.0377598351193056,3.2
Levine_32dim,1,official_fixed_ktrue,12345,14,14,14,14,0.900000000000002,False,multiclass_rectangular_hungarian,265627,104184,14,14,12,2,0.8571428571428571,0.6612747377963847,0.45946518157547894,0.5792833873362196,0.4747322419492791,0.6607044260803203,0.7098594793826306,0.6397886908250746,0.7098594793826307,12,0,0,1.2147656016971344,1.0595698909112987,1.9285714285714286,0.7384600064508292,0.7458054979651386,1.8591972599484963,2.6666666666666665
Levine_32dim,1,official_fixed_k40,12345,40,40,40,40,4.19,False,multiclass_rectangular_hungarian,265627,104184,14,40,37,3,2.642857142857143,0.58857519640177,0.8140010463931988,0.6702996952385079,0.6916637589612206,0.9700614751942173,0.596972663748752,0.7182229227668205,0.5969726637487522,14,23,38396,2.0640234185652386,2.000778045282005,3.7857142857142856,0.8427514543603171,0.9471128004300085,1.4497197904143442,2.27027027027027
Levine_32dim,2,official_auto_max40,12345,40,6,6,6,4.68,False,multiclass_rectangular_hungarian,265627,104184,14,6,5,1,0.35714285714285715,0.6818162615060785,0.25709423883977056,0.3514086759403625,0.2900535598260375,0.5493063662054777,0.7052522460262612,0.6047314182057044,0.7052522460262612,5,0,0,1.0306251391459407,1.0057149707425665,1.3571428571428572,0.7198638687513575,0.7052522460262612,1.9496182985650634,3.2
Levine_32dim,2,official_fixed_ktrue,12345,14,14,14,14,0.939999999999998,False,multiclass_rectangular_hungarian,265627,104184,14,14,11,3,0.7857142857142857,0.689540325598769,0.4253413006248873,0.4936648251079541,0.4213705171271917,0.7046464077474667,0.734153036934654,0.6519128012256576,0.7341530369346541,11,0,0,1.1101812561290412,1.0284367790299793,1.6428571428571428,0.7090354306882253,0.7476675881133379,1.8797704486396147,2.727272727272727
Levine_32dim,2,official_fixed_k40,12345,40,40,40,40,4.3,False,multiclass_rectangular_hungarian,265627,104184,14,40,36,4,2.5714285714285716,0.7717124356192298,0.7906198233865742,0.6830079545094954,0.6910914037235097,0.9703292333439413,0.729363433924595,0.8118438109163646,0.7293634339245949,14,22,24244,1.8280473105128034,1.747570811417733,3.5714285714285716,0.8459734295152805,0.9598690777854565,1.4493804125576004,2.3055555555555554
Levine_32dim,3,official_auto_max40,12345,40,6,6,6,4.82,False,multiclass_rectangular_hungarian,265627,104184,14,6,5,1,0.35714285714285715,0.6775841530888788,0.25710591545600386,0.3520063610612331,0.28963918722812376,0.5505759271760349,0.70330377025263,0.6038861548975142,0.7033037702526299,5,0,0,1.0111456991753573,1.0000379290725796,1.2142857142857142,0.7198965632768107,0.7033037702526299,1.9782845646668121,3.4
Levine_32dim,3,official_fixed_ktrue,12345,14,14,14,14,1.09,False,multiclass_rectangular_hungarian,265627,104184,14,14,13,1,0.9285714285714286,0.6895207912676249,0.4454338734045241,0.5530148809577144,0.47065421410969627,0.671975205974383,0.7369365737541272,0.6552316875337626,0.7369365737541274,13,0,0,1.1467363043062249,1.0414351771290562,1.6428571428571428,0.7873903252048721,0.7474084312370421,1.535286236674281,2.230769230769231
Levine_32dim,3,official_fixed_k40,12345,40,40,40,40,4.36,False,multiclass_rectangular_hungarian,265627,104184,14,40,38,2,2.7142857142857144,0.7744684512603799,0.8091417302404832,0.7134367726669703,0.730788058006462,0.9675046267478372,0.7640904553482301,0.8425339635640692,0.7640904553482301,14,24,20570,1.8059470471042842,1.7232422906586253,4.0,0.841448663692062,0.9628541810642709,1.4928943492403808,2.3157894736842106
Levine_32dim,4,official_auto_max40,12345,40,7,7,7,4.89,False,multiclass_rectangular_hungarian,265627,104184,14,7,5,2,0.35714285714285715,0.6788364356894607,0.25799485309163356,0.35320729215618935,0.29058402921854737,0.5508417454978586,0.7046571450510635,0.6045669815298899,0.7046571450510635,5,0,0,1.0521748907177286,1.0063389980919122,1.2142857142857142,0.722385588656574,0.7046571450510635,1.9563800198232997,3.0
Levine_32dim,4,official_fixed_ktrue,12345,14,14,14,14,0.810000000000002,False,multiclass_rectangular_hungarian,265627,104184,14,14,11,3,0.7857142857142857,0.6765484444856441,0.44233627977085976,0.5639123112084236,0.4783402755807689,0.6130983804835844,0.7243242724410658,0.6488606780293728,0.7243242724410658,11,0,0,1.2280737950231282,1.0702685072652152,1.8571428571428572,0.7441197394901927,0.7483010826998387,1.8676256575293282,2.727272727272727
Levine_32dim,4,official_fixed_k40,12345,40,40,40,40,4.41,False,multiclass_rectangular_hungarian,265627,104184,14,40,37,3,2.642857142857143,0.7602952100270073,0.7859115164122674,0.6919344413790027,0.6994526074758757,0.9686598495897883,0.7455271442831913,0.8272739724059045,0.7455271442831912,14,23,21537,1.9141099647079423,1.9329610185532022,4.071428571428571,0.8520463676618385,0.9585636950011518,1.461436335874268,2.3513513513513513
Levine_32dim,5,official_auto_max40,12345,40,6,6,6,4.66,False,multiclass_rectangular_hungarian,265627,104184,14,6,5,1,0.35714285714285715,0.6803988166036095,0.25761246164875645,0.3532011729366551,0.29106836309066475,0.5486401722803657,0.7060105198494971,0.6046925510901434,0.706010519849497,5,0,0,1.091771608395106,1.012810943040157,1.4285714285714286,0.7213148926165179,0.706010519849497,1.9315658052105569,3.0
Levine_32dim,5,official_fixed_ktrue,12345,14,14,14,14,0.920000000000002,False,multiclass_rectangular_hungarian,265627,104184,14,14,12,2,0.8571428571428571,0.6545313273707335,0.4399629939124846,0.569167875267195,0.47289896653356145,0.6135861185275494,0.7033229670582815,0.6363707291118474,0.7033229670582815,12,0,0,1.2250762271431028,1.0381195772658947,1.9285714285714286,0.7740444344593486,0.7489249788835138,1.660324348280066,2.3333333333333335
Levine_32dim,5,official_fixed_k40,12345,40,40,40,40,4.84,False,multiclass_rectangular_hungarian,265627,104184,14,40,36,4,2.5714285714285716,0.8144133436965783,0.8164662472164766,0.7298779517304624,0.7343228246441339,0.9731163441584945,0.808118329110036,0.8688678350081933,0.8081183291100361,14,22,16476,1.8529597820144734,1.6195979178511712,3.642857142857143,0.8743808153114789,0.9627198034247101,1.3663044705733745,2.1666666666666665
Levine_32dim,6,official_auto_max40,12345,40,6,6,6,4.55,False,multiclass_rectangular_hungarian,265627,104184,14,6,5,1,0.35714285714285715,0.6542901195950971,0.2543757846359946,0.3462428820025161,0.2843096208485951,0.5481520676416199,0.69046110727175,0.5950260716279662,0.69046110727175,5,0,0,1.0231276256323656,1.0000497339233863,1.2142857142857142,0.7122521969807849,0.69046110727175,2.086738099021164,3.4
Levine_32dim,6,official_fixed_ktrue,12345,14,14,14,14,0.909999999999997,False,multiclass_rectangular_hungarian,265627,104184,14,14,12,2,0.8571428571428571,0.6878830791873398,0.43505661816629876,0.556499526286442,0.47511061339818766,0.6129438848277702,0.7342490209629117,0.6544450184774098,0.7342490209629118,12,0,0,1.099558575825466,1.05021671748226,1.7142857142857142,0.7589343073243185,0.749164938954158,1.7575220759044667,2.6666666666666665
Levine_32dim,6,official_fixed_k40,12345,40,40,40,40,4.17,False,multiclass_rectangular_hungarian,265627,104184,14,40,37,3,2.642857142857143,0.8182033421585114,0.8233086872463069,0.769314669756738,0.7605040361952968,0.9717540346523956,0.8185613913844737,0.876740745355889,0.8185613913844736,14,23,15048,1.6629427636915595,1.601748204782699,3.5,0.8539913508932682,0.9605601627889119,1.4413573096236572,2.135135135135135
Levine_32dim,7,official_auto_max40,12345,40,7,7,7,4.77000000000001,False,multiclass_rectangular_hungarian,265627,104184,14,7,6,1,0.42857142857142855,0.6938446945735425,0.29815083292635786,0.42340005502608724,0.3423605600526568,0.5617691138470203,0.7177205712969361,0.6182368737214389,0.7177205712969362,6,0,0,1.0492030895726956,1.0145809418246483,1.3571428571428572,0.6956852768281684,0.7177205712969362,1.82004877305355,2.6666666666666665
Levine_32dim,7,official_fixed_ktrue,12345,14,14,14,14,0.909999999999997,False,multiclass_rectangular_hungarian,265627,104184,14,14,12,2,0.8571428571428571,0.659402937649637,0.4887581620080339,0.5450720117145809,0.4717396814149887,0.7128860985591354,0.7066056208246947,0.6386686202670111,0.7066056208246948,12,0,0,1.1303399366274403,1.0430112363799005,1.6428571428571428,0.7362584938673539,0.7510078322967059,1.7967966398192126,2.5
Levine_32dim,7,official_fixed_k40,12345,40,40,40,40,4.23,False,multiclass_rectangular_hungarian,265627,104184,14,40,37,3,2.642857142857143,0.7768349944523232,0.8302145115257312,0.7556075938919925,0.7602522358946738,0.9709862181993911,0.7593200491438223,0.8362969432781973,0.7593200491438225,14,23,21559,1.7500634227204241,1.5328331436685854,3.5714285714285716,0.8711024575232731,0.9632381171773017,1.3510464809108165,2.027027027027027
Levine_32dim,8,official_auto_max40,12345,40,7,7,7,4.78,False,multiclass_rectangular_hungarian,265627,104184,14,7,6,1,0.42857142857142855,0.6933670263291216,0.29716915936222543,0.42290534734084584,0.34106352011890984,0.5625004119295767,0.7172886431697766,0.618257450426795,0.7172886431697766,6,0,0,1.0816868381989477,1.003934787058225,1.3571428571428572,0.6933947051785259,0.7172886431697766,1.8433346003977842,3.1666666666666665
Levine_32dim,8,official_fixed_ktrue,12345,14,14,14,14,1.09,False,multiclass_rectangular_hungarian,265627,104184,14,14,11,3,0.7857142857142857,0.6769039895177933,0.4094074817266878,0.48522530689577803,0.415297613976157,0.6831455757851967,0.7240939107732474,0.6473299439426278,0.7240939107732474,11,0,0,1.1166533387924578,1.0295039267460129,1.5,0.739881452198059,0.7485314443676572,1.7666574879841712,2.909090909090909
Levine_32dim,8,official_fixed_k40,12345,40,40,40,40,4.19,False,multiclass_rectangular_hungarian,265627,104184,14,40,36,4,2.5714285714285716,0.8134460506216065,0.8126028388348071,0.7729731554064557,0.7599178851112202,0.9689153392004541,0.8161329954695538,0.8703366669159129,0.8161329954695539,14,22,15034,1.6168281101465947,1.3793966742966908,3.2142857142857144,0.8635084949523534,0.9618655455732166,1.4052338064763277,2.25
Levine_32dim,9,official_auto_max40,12345,40,6,6,6,4.82000000000001,False,multiclass_rectangular_hungarian,265627,104184,14,6,5,1,0.35714285714285715,0.682350557401147,0.2576199337791274,0.3523087054150184,0.2905993372204924,0.5502874214333592,0.7059049374184135,0.6054146468499166,0.7059049374184135,5,0,0,1.0187570809700268,1.0046173087939454,1.2857142857142858,0.7213358145815566,0.7059049374184135,1.9434390268518675,3.2
Levine_32dim,9,official_fixed_ktrue,12345,14,14,14,14,1.11,False,multiclass_rectangular_hungarian,265627,104184,14,14,11,3,0.7857142857142857,0.6698256612478687,0.45934930022999165,0.5478410246730029,0.47248862693245747,0.6788740465404313,0.7175957920602011,0.6466223439485294,0.7175957920602012,11,0,0,1.1341245454578883,1.0450532481366017,1.7857142857142858,0.7452437567475187,0.7502783536819473,1.6903354608098764,2.6363636363636362
Levine_32dim,9,official_fixed_k40,12345,40,40,40,40,4.23,False,multiclass_rectangular_hungarian,265627,104184,14,40,36,4,2.5714285714285716,0.7728353537061713,0.8283910243901592,0.71751492977832,0.735277892830141,0.9718900999348344,0.7382131613299546,0.8201222000525242,0.7382131613299547,14,22,23928,1.8692924720364572,1.7300351460538623,3.5714285714285716,0.8504463859093544,0.9626526146049298,1.470568225556348,2.1944444444444446
Levine_32dim,10,official_auto_max40,12345,40,7,7,7,5.0,False,multiclass_rectangular_hungarian,265627,104184,14,7,6,1,0.42857142857142855,0.692923285532822,0.297335582124322,0.42193406573801084,0.3415255567945249,0.5602042701972872,0.7165975581663212,0.6171255646293464,0.7165975581663211,6,0,0,1.063659018755984,1.0171322629573984,1.5714285714285714,0.6937830249567513,0.7165975581663211,1.8266608361129844,2.6666666666666665
Levine_32dim,10,official_fixed_ktrue,12345,14,14,14,14,0.920000000000002,False,multiclass_rectangular_hungarian,265627,104184,14,14,12,2,0.8571428571428571,0.6736810311516253,0.4883786122471904,0.5534929198037588,0.4758694512114783,0.7409668377686698,0.72356599861783,0.6481368455424733,0.72356599861783,12,0,0,1.1216261804242422,1.0680005143567928,2.0,0.7400090997758095,0.7483778699224449,1.8365142539110233,2.5
Levine_32dim,10,official_fixed_k40,12345,40,40,40,40,4.36,False,multiclass_rectangular_hungarian,265627,104184,14,40,37,3,2.642857142857143,0.7772430339975367,0.816388829769376,0.7482836566763392,0.741986823730506,0.9721361209330264,0.7611629424863703,0.8402327592173643,0.7611629424863703,14,23,20940,1.6798714637492114,1.6249253431343296,3.9285714285714284,0.8528901800545046,0.9596867081317668,1.423964712115582,2.2162162162162162
Levine_32dim,11,official_auto_max40,12345,40,8,8,8,4.68000000000001,False,multiclass_rectangular_hungarian,265627,104184,14,8,6,2,0.42857142857142855,0.6797103566078958,0.3183269666319343,0.4181081021298491,0.35065333321129416,0.5904493799486434,0.7227117407663366,0.6351752981516076,0.7227117407663365,6,0,0,1.0610477340921982,1.003059137841519,1.2142857142857142,0.7427629221411802,0.7227117407663365,1.9623780111276303,3.0
Levine_32dim,11,official_fixed_ktrue,12345,14,14,14,14,0.900000000000006,False,multiclass_rectangular_hungarian,265627,104184,14,14,10,4,0.7142857142857143,0.6745677422956693,0.43258522766687324,0.5125094044705206,0.41892253867677104,0.7504434060676911,0.7199378023496891,0.6434946071516832,0.719937802349689,10,0,0,1.184988812401824,1.0206171314189894,1.5714285714285714,0.7659232123708494,0.743665054134992,1.5871848753096935,2.4
Levine_32dim,11,official_fixed_k40,12345,40,40,40,40,4.33,False,multiclass_rectangular_hungarian,265627,104184,14,40,35,5,2.5,0.7859667964106407,0.7520833523588315,0.7072500049509077,0.7039652487317744,0.9554949803747788,0.7906972279812639,0.8539464610526182,0.790697227981264,14,21,17475,1.6664067437812509,1.48335092009117,3.2857142857142856,0.8638011404133127,0.9597347001458957,1.3921282281520395,2.2
Levine_32dim,12,official_auto_max40,12345,40,6,6,6,4.63999999999999,False,multiclass_rectangular_hungarian,265627,104184,14,6,5,1,0.35714285714285715,0.6732612586283505,0.2577479029234832,0.3522071401206131,0.28952054336651006,0.5519676772309318,0.7019503954541965,0.6033375972659913,0.7019503954541965,5,0,0,1.01059453787689,1.0007486199828883,1.2142857142857142,0.721694128185753,0.7019503954541965,1.9867432855897746,3.2
Levine_32dim,12,official_fixed_ktrue,12345,14,14,14,14,0.930000000000007,False,multiclass_rectangular_hungarian,265627,104184,14,14,12,2,0.8571428571428571,0.660575880226906,0.43683622063609473,0.5857188588405781,0.47304314779301776,0.6097031575545059,0.7087460646548414,0.6381861639471577,0.7087460646548415,12,0,0,1.169084975004967,1.0419899272272177,1.8571428571428572,0.7634205743224752,0.7446152960147432,1.686332947698313,2.5
Levine_32dim,12,official_fixed_k40,12345,40,40,40,40,4.31999999999999,False,multiclass_rectangular_hungarian,265627,104184,14,40,37,3,2.642857142857143,0.7539086714381839,0.8414580456909142,0.7505429619755095,0.759753529180685,0.9756734705431296,0.729689779620671,0.8149468063906047,0.7296897796206712,14,23,25449,1.7948477735804687,1.567425459952343,3.5,0.8778811692107121,0.9682580818551793,1.3700854701719178,2.027027027027027
Levine_32dim,13,official_auto_max40,12345,40,7,7,7,5.45000000000002,False,multiclass_rectangular_hungarian,265627,104184,14,7,5,2,0.35714285714285715,0.6594901111650402,0.2553691588536938,0.34827493767819145,0.28589892609868855,0.5492605821447379,0.6936189818014282,0.597328922098469,0.6936189818014282,5,0,0,1.0190534858136988,1.0,1.2857142857142858,0.7150336447903427,0.6936189818014282,2.062871236027532,3.4
Levine_32dim,13,official_fixed_ktrue,12345,14,14,14,14,0.919999999999987,False,multiclass_rectangular_hungarian,265627,104184,14,14,9,5,0.6428571428571429,0.6896000009434257,0.42390581913895803,0.5553243836560037,0.4687031843453326,0.6085132027914003,0.7385683022345081,0.6532562367582407,0.7385683022345082,9,0,0,1.1270676818280145,1.0220913051531373,1.5,0.6900603929901032,0.7388754511249328,1.96313032624332,2.7777777777777777
Levine_32dim,13,official_fixed_k40,12345,40,40,40,40,4.24000000000001,False,multiclass_rectangular_hungarian,265627,104184,14,40,35,5,2.5,0.6929165534491287,0.8392401503788163,0.7260559521599604,0.7558805860164941,0.9741217734776673,0.7130749443292635,0.8135977609533933,0.7130749443292637,14,21,27345,1.793330653531927,1.4961799045562454,3.642857142857143,0.8267900292834708,0.964687476003993,1.5820662142482085,2.2285714285714286
Levine_32dim,14,official_auto_max40,12345,40,6,6,6,5.06,False,multiclass_rectangular_hungarian,265627,104184,14,6,5,1,0.35714285714285715,0.6598918049623694,0.25539042537791284,0.34893828316436526,0.28579629805270573,0.5502973448057596,0.6940413115257622,0.5978564341653596,0.6940413115257621,5,0,0,1.0188380955658047,1.003797528050368,1.2857142857142858,0.7150931910581558,0.6940413115257621,2.0724489273045448,3.2
Levine_32dim,14,official_fixed_ktrue,12345,14,14,14,14,0.789999999999992,False,multiclass_rectangular_hungarian,265627,104184,14,14,12,2,0.8571428571428571,0.6911142069044164,0.45584188397480113,0.5720299476984348,0.4804062418399519,0.6742750577254116,0.7364278584043615,0.6545570090090401,0.7364278584043615,12,0,0,1.239868887134334,1.0735638800328167,1.8571428571428572,0.6609406674015583,0.7445097135836597,2.035651433773813,3.25
Levine_32dim,14,official_fixed_k40,12345,40,40,40,40,4.28,False,multiclass_rectangular_hungarian,265627,104184,14,40,36,4,2.5714285714285716,0.6985364133779294,0.8193598192401367,0.7202322086635353,0.7463359335632204,0.9713095772682611,0.7309951624049758,0.8280625417603686,0.7309951624049759,14,22,24576,1.8374025615521272,1.6475505328081927,3.642857142857143,0.8327729274647763,0.9480246486984566,1.4984940957460073,2.388888888888889
Levine_32dim,15,official_auto_max40,12345,40,6,6,6,4.70999999999998,False,multiclass_rectangular_hungarian,265627,104184,14,6,5,1,0.35714285714285715,0.6797671427093761,0.2583928899957378,0.35292924594215985,0.2906022651709935,0.5525152433049375,0.7052138524149582,0.6055492595806469,0.7052138524149582,5,0,0,1.0094780952684987,1.002429593262154,1.1428571428571428,0.7235000919880658,0.7052138524149582,1.9508570299097474,3.0
Levine_32dim,15,official_fixed_ktrue,12345,14,14,14,14,0.939999999999998,False,multiclass_rectangular_hungarian,265627,104184,14,14,11,3,0.7857142857142857,0.661642218769761,0.43599889553694365,0.5451182490828494,0.4693482478710762,0.61234869399983,0.7121630960608154,0.6411859427716609,0.7121630960608155,11,0,0,1.209476057929693,1.0487530619143857,1.8571428571428572,0.7469560367208022,0.7495104814558857,1.826856510872633,2.4545454545454546
Levine_32dim,15,official_fixed_k40,12345,40,40,40,40,4.31,False,multiclass_rectangular_hungarian,265627,104184,14,40,37,3,2.642857142857143,0.7594081543711232,0.8471317200920011,0.7063566141776664,0.7554895425913305,0.9734666644962321,0.7567764723949936,0.841304242649501,0.7567764723949935,14,23,22974,1.8512388080920903,1.863070267970778,4.071428571428571,0.8726216536155197,0.9663863933041542,1.3674993874431594,2.189189189189189
Levine_32dim,16,official_auto_max40,12345,40,6,6,6,4.62,False,multiclass_rectangular_hungarian,265627,104184,14,6,5,1,0.35714285714285715,0.6569991061458093,0.25355485904572467,0.34889550571177974,0.2845016530308007,0.5490472252714819,0.6926495431160254,0.5962807846517982,0.6926495431160254,5,0,0,1.0340986797142926,1.0151699899203368,1.4285714285714286,0.7099536053280291,0.6926495431160254,2.0905477068283083,3.6
Levine_32dim,16,official_fixed_ktrue,12345,14,14,14,14,0.939999999999998,False,multiclass_rectangular_hungarian,265627,104184,14,14,12,2,0.8571428571428571,0.6894035113793742,0.5209185997769559,0.6117185112547562,0.539184287542349,0.6760077052583577,0.7436650541349918,0.6661604723302765,0.743665054134992,12,0,0,1.1381759632847965,1.1395988863963233,2.0714285714285716,0.7155152815203202,0.7452487906012439,2.0546606601839112,3.0
Levine_32dim,16,official_fixed_k40,12345,40,40,40,40,4.80000000000001,False,multiclass_rectangular_hungarian,265627,104184,14,40,36,4,2.5714285714285716,0.8571458107352024,0.8281116526016196,0.7946514097398774,0.7791164911918365,0.9734149055786543,0.8485468018121787,0.8969081618644017,0.8485468018121785,14,22,12170,1.6036155642976355,1.4414059520181157,3.642857142857143,0.8243736794049306,0.9613856254319282,1.5623046292303089,2.361111111111111
Levine_32dim,17,official_auto_max40,12345,40,6,6,6,5.09,False,multiclass_rectangular_hungarian,265627,104184,14,6,5,1,0.35714285714285715,0.6816935696776276,0.25799405008207665,0.35345124618837337,0.2908532294779677,0.5516223349783546,0.7061161022805805,0.6058574719154851,0.7061161022805805,5,0,0,1.0158684206739044,1.0044810533103523,1.3571428571428572,0.7223833402298147,0.7061161022805805,1.949637897889924,3.0
Levine_32dim,17,official_fixed_ktrue,12345,14,14,14,14,1.03,False,multiclass_rectangular_hungarian,265627,104184,14,14,12,2,0.8571428571428571,0.6953101957007544,0.45268962489889686,0.5573106871281511,0.4742351356693923,0.6828692647347785,0.740535974813791,0.6581973656520408,0.740535974813791,12,0,0,1.1253627687819747,1.0354806031437125,1.7857142857142858,0.7411658359363024,0.7498656223604392,1.660852200064503,2.5833333333333335
Levine_32dim,17,official_fixed_k40,12345,40,40,40,40,4.32999999999998,False,multiclass_rectangular_hungarian,265627,104184,14,40,37,3,2.642857142857143,0.7354009004998227,0.7831053005765469,0.686943343688115,0.6963377015250736,0.9673274381017193,0.7276357214159563,0.811150596080047,0.7276357214159563,14,23,24217,1.8138567753663548,1.7546851339918064,3.642857142857143,0.8470342645494513,0.9615967902940951,1.4195348731732276,2.2972972972972974
Levine_32dim,18,official_auto_max40,12345,40,6,6,6,4.69,False,multiclass_rectangular_hungarian,265627,104184,14,6,5,1,0.35714285714285715,0.6644076619766436,0.2551489294627033,0.3494376670583815,0.2865204503404623,0.5492634520192126,0.6961913537587345,0.598888081663635,0.6961913537587345,5,0,0,1.0193515575700907,1.0024338158235606,1.2857142857142858,0.7144170024955693,0.6961913537587345,2.046883942042146,3.4
Levine_32dim,18,official_fixed_ktrue,12345,14,14,14,14,1.09,False,multiclass_rectangular_hungarian,265627,104184,14,14,11,3,0.7857142857142857,0.6949610835646782,0.4694236476235855,0.5622942697791254,0.47771042033979294,0.7097413023370565,0.739576134531214,0.6575642015075853,0.739576134531214,11,0,0,1.1227427762852626,1.0504323986253108,1.7857142857142858,0.700007003625869,0.7491841357598096,1.8414412659529185,2.8181818181818183
Levine_32dim,18,official_fixed_k40,12345,40,40,40,40,4.47,False,multiclass_rectangular_hungarian,265627,104184,14,40,36,4,2.5714285714285716,0.5998787243706124,0.80271450411771,0.6781325155234921,0.6845215937467853,0.9708098070264009,0.5910120555939491,0.7110745904623672,0.5910120555939492,14,22,38723,1.9562180567645224,1.839016594525071,3.7857142857142856,0.8541893318434792,0.9620383168240805,1.4238161800970177,2.1944444444444446
Levine_32dim,19,official_auto_max40,12345,40,6,6,6,4.78999999999999,False,multiclass_rectangular_hungarian,265627,104184,14,6,5,1,0.35714285714285715,0.6763520298261633,0.2572426893038358,0.3515068308941486,0.28941487559422835,0.550809728487432,0.7028046533056899,0.6036178585758718,0.70280465330569,5,0,0,1.0117959375200598,1.0,1.2857142857142858,0.7202795300507404,0.70280465330569,1.9779180839763595,3.2
Levine_32dim,19,official_fixed_ktrue,12345,14,14,14,14,1.28,False,multiclass_rectangular_hungarian,265627,104184,14,14,12,2,0.8571428571428571,0.7026959324759702,0.46761542587213606,0.5641757751733752,0.48329874936657974,0.6830504693468707,0.7464581893572909,0.6625333454624883,0.7464581893572909,12,0,0,1.1211721442586466,1.0328884991251095,1.7142857142857142,0.7254699301027584,0.750086385625432,1.8428029794132057,2.5833333333333335
Levine_32dim,19,official_fixed_k40,12345,40,40,40,40,4.5,False,multiclass_rectangular_hungarian,265627,104184,14,40,36,4,2.5714285714285716,0.7700479002306658,0.7930843799212582,0.6985605151978785,0.7048028462968313,0.9698617454219116,0.7603662750518314,0.8391470717277452,0.7603662750518314,14,22,20991,1.7947117851285206,1.6295610892987074,3.642857142857143,0.8400975783597763,0.9610400829302004,1.4742209491596943,2.3055555555555554
Levine_32dim,20,official_auto_max40,12345,40,6,6,6,5.06,False,multiclass_rectangular_hungarian,265627,104184,14,6,5,1,0.35714285714285715,0.6812973107196307,0.25659785249736516,0.35371229508617447,0.29004702283149364,0.5507002908753473,0.7057993549873302,0.6053028298035174,0.7057993549873302,5,0,0,1.0312058035736398,1.0150822770198502,1.5,0.7184739869926224,0.7057993549873302,1.9642135688529314,3.2
Levine_32dim,20,official_fixed_ktrue,12345,14,14,14,14,0.799999999999983,False,multiclass_rectangular_hungarian,265627,104184,14,14,11,3,0.7857142857142857,0.6632315333740665,0.4416316313705784,0.547821560285605,0.47049554528821574,0.6428921229146618,0.7104353835521768,0.6420295911027345,0.710435383552177,11,0,0,1.167039802429543,1.0563764133504931,1.8571428571428572,0.7040124608726289,0.7500959840282577,2.049019169140356,2.8181818181818183
Levine_32dim,20,official_fixed_k40,12345,40,40,40,40,4.56,False,multiclass_rectangular_hungarian,265627,104184,14,40,36,4,2.5714285714285716,0.6393435456376675,0.7996137482851752,0.6533337658979853,0.6742086790951352,0.9687934389530509,0.6203255778238501,0.7400507047271071,0.6203255778238501,14,22,35782,2.0317537301343016,2.0151143585728986,3.642857142857143,0.8603901017668721,0.9635260692620747,1.3823352701323939,2.2777777777777777
Levine_32dim,21,official_auto_max40,12345,40,7,7,7,4.94,False,multiclass_rectangular_hungarian,265627,104184,14,7,6,1,0.42857142857142855,0.6819997560924954,0.29551254091072593,0.42079322640829686,0.33890622092703626,0.5594694828416275,0.7108961068878138,0.6130629495779548,0.7108961068878139,6,0,0,1.0581251774430018,1.029156856417885,1.5714285714285714,0.689529262125027,0.7108961068878139,1.8728269839960878,2.8333333333333335
Levine_32dim,21,official_fixed_ktrue,12345,14,14,14,14,0.810000000000002,False,multiclass_rectangular_hungarian,265627,104184,14,14,11,3,0.7857142857142857,0.6982112482731841,0.4726711311478731,0.5591040056186002,0.4791652956899271,0.7095514327815561,0.7422732857252553,0.6589905161756352,0.7422732857252553,11,0,0,1.14081934792418,1.0580399819223794,1.9285714285714286,0.6962884314549384,0.749414497427628,1.9427187214269426,2.8181818181818183
Levine_32dim,21,official_fixed_k40,12345,40,40,40,40,4.20000000000002,False,multiclass_rectangular_hungarian,265627,104184,14,40,37,3,2.642857142857143,0.7356071409590061,0.8132894563498424,0.7111506379872478,0.7216745581548017,0.9710568418180298,0.728106043154419,0.8165268536589887,0.7281060431544191,14,23,24528,1.8655467511512698,1.8042226003523307,4.0,0.8607358844664776,0.9575846579129232,1.389887882979646,2.2432432432432434
Levine_32dim,22,official_auto_max40,12345,40,6,6,6,4.72,False,multiclass_rectangular_hungarian,265627,104184,14,6,5,1,0.35714285714285715,0.6775313121559198,0.2581768881582855,0.3528499702095358,0.29058518219841395,0.5511031857755238,0.7047627274821469,0.6046959783777269,0.704762727482147,5,0,0,1.0436116261896127,1.004938708714218,1.2857142857142858,0.7228952868431995,0.704762727482147,1.9485381858235988,3.0
Levine_32dim,22,official_fixed_ktrue,12345,14,14,14,14,0.900000000000006,False,multiclass_rectangular_hungarian,265627,104184,14,14,11,3,0.7857142857142857,0.6703686597927455,0.44300348845512755,0.5598924792475202,0.47747847794869774,0.6135823427612717,0.7213007755509483,0.647246410513202,0.7213007755509483,11,0,0,1.1674989364153896,1.049989106738753,1.7857142857142858,0.747350152412367,0.7489729708976426,1.8345663551786258,2.6363636363636362
Levine_32dim,22,official_fixed_k40,12345,40,40,40,40,4.21000000000001,False,multiclass_rectangular_hungarian,265627,104184,14,40,37,3,2.642857142857143,0.8094631426137576,0.7707924961068091,0.7136966005917823,0.7288276112383087,0.9674905685201943,0.8208266144513552,0.8816778958077904,0.8208266144513553,14,23,15364,1.5782774249749996,1.4487368548660107,3.5714285714285716,0.827094096799973,0.9604257851493512,1.5173029664592785,2.2432432432432434
Levine_32dim,23,official_auto_max40,12345,40,7,7,7,4.66,False,multiclass_rectangular_hungarian,265627,104184,14,7,5,2,0.35714285714285715,0.6807405768624778,0.2574255693389503,0.3524155575438113,0.2907311717572129,0.5485898849813926,0.7058473470014589,0.6046648692707091,0.7058473470014589,5,0,0,1.0901915857943119,1.0074253661395522,1.3571428571428572,0.7207915941490609,0.7058473470014589,1.9316663569722992,3.2
Levine_32dim,23,official_fixed_ktrue,12345,14,14,14,14,0.920000000000016,False,multiclass_rectangular_hungarian,265627,104184,14,14,11,3,0.7857142857142857,0.6792575145889831,0.4691444263776141,0.5801373247215604,0.48086244640809844,0.6605658119786025,0.7275397373876987,0.6510539472861212,0.7275397373876987,11,0,0,1.1799961688040335,1.0506729273135376,1.8571428571428572,0.7214770155425659,0.7491745373569838,1.9355345701900488,2.727272727272727
Levine_32dim,23,official_fixed_k40,12345,40,40,40,40,4.51999999999998,False,multiclass_rectangular_hungarian,265627,104184,14,40,36,4,2.5714285714285716,0.7584211602779366,0.8208905880248641,0.7584333646980417,0.7561388094750565,0.9715433329540896,0.749875220763265,0.8317005626620555,0.749875220763265,14,22,22350,1.691817682134366,1.44777148363343,3.5714285714285716,0.8313587705832358,0.9632765107886048,1.5375261174543042,2.5277777777777777
Levine_32dim,24,official_auto_max40,12345,40,7,7,7,5.16999999999999,False,multiclass_rectangular_hungarian,265627,104184,14,7,5,2,0.35714285714285715,0.6813405229223745,0.257454100363242,0.35180647827100237,0.29029262605140616,0.5500860390758859,0.7054154188742994,0.6050547176859984,0.7054154188742994,5,0,0,1.0206717938044823,1.008035197714844,1.2857142857142858,0.7208714810170777,0.7054154188742994,1.94580390525104,3.2
Levine_32dim,24,official_fixed_ktrue,12345,14,14,14,14,0.960000000000008,False,multiclass_rectangular_hungarian,265627,104184,14,14,11,3,0.7857142857142857,0.6707176723983362,0.4122332707720658,0.48525616853366854,0.4161802096919352,0.6842572992654506,0.7176533824771558,0.6437269977200383,0.7176533824771558,11,0,0,1.1398266424092245,1.0461921438069268,1.7142857142857142,0.7437903916365198,0.7483010826998387,1.7783758578232887,3.0
Levine_32dim,24,official_fixed_k40,12345,40,40,40,40,4.07999999999998,False,multiclass_rectangular_hungarian,265627,104184,14,40,35,5,2.5,0.7648194703949932,0.8049838711963689,0.7240881759797244,0.7329455212922139,0.9678033632847499,0.753004300084466,0.8355859100701489,0.753004300084466,14,21,21929,1.7781623450885176,1.8790471892005636,3.4285714285714284,0.841791283249469,0.964015587806189,1.522174534027141,2.3714285714285714
Levine_32dim,25,official_auto_max40,12345,40,6,6,6,4.69,False,multiclass_rectangular_hungarian,265627,104184,14,6,5,1,0.35714285714285715,0.6672150629221707,0.25310971977527263,0.3504305458613108,0.28539345579337777,0.5492485412356798,0.6974775397373878,0.5993670487359848,0.6974775397373877,5,0,0,1.0271212560932586,1.017102993715178,1.5,0.7087072153707634,0.6974775397373877,2.059400635475156,3.4
Levine_32dim,25,official_fixed_ktrue,12345,14,14,14,14,0.920000000000016,False,multiclass_rectangular_hungarian,265627,104184,14,14,11,3,0.7857142857142857,0.6959005943413947,0.5416564007513569,0.6121824206153225,0.5456580573398019,0.7218831744455261,0.7491745373569838,0.6694481789116543,0.7491745373569838,11,0,0,1.141504508461164,1.0908256183340308,2.0714285714285716,0.7404434474733915,0.7541561084235583,1.7201285857297224,3.0
Levine_32dim,25,official_fixed_k40,12345,40,40,40,40,4.07999999999998,False,multiclass_rectangular_hungarian,265627,104184,14,40,36,4,2.5714285714285716,0.7835748552878654,0.8015315303785953,0.7187085828142437,0.7387510014903408,0.9678787219453053,0.7778545650003839,0.8515365527349807,0.777854565000384,14,22,19204,1.6630712451084644,1.6346478632081358,3.9285714285714284,0.8369561652877051,0.9614048222375796,1.4575557163176516,2.4444444444444446
Levine_32dim,26,official_auto_max40,12345,40,6,6,6,4.60999999999996,False,multiclass_rectangular_hungarian,265627,104184,14,6,5,1,0.35714285714285715,0.6807860217651251,0.2569463844404205,0.35037099153122286,0.28950877614397186,0.5490629621875527,0.7048683099132306,0.6043574000453034,0.7048683099132305,5,0,0,1.0291742710005303,1.004992603146536,1.5,0.7194498764331774,0.7048683099132305,1.9478932465634067,3.2
Levine_32dim,26,official_fixed_ktrue,12345,14,14,14,14,0.939999999999998,False,multiclass_rectangular_hungarian,265627,104184,14,14,12,2,0.8571428571428571,0.6852701798021076,0.46903168109912335,0.5554990770236069,0.4759755846463553,0.6917215286152495,0.7320317899101589,0.6537628250063697,0.7320317899101589,12,0,0,1.1055635538293795,1.048482587185108,1.7857142857142858,0.7129832187069048,0.7503071488904246,1.9022079378743595,2.6666666666666665
Levine_32dim,26,official_fixed_k40,12345,40,40,40,40,4.36000000000001,False,multiclass_rectangular_hungarian,265627,104184,14,40,37,3,2.642857142857143,0.7519956001502903,0.8173897503111558,0.7445165716678641,0.7393405336919529,0.9702433473926464,0.7368789833371726,0.8193288119275741,0.7368789833371727,14,23,23523,1.7451045243373824,1.5631774417490538,3.7857142857142856,0.8600042592224673,0.9631325347462182,1.417003174248014,2.2162162162162162
Levine_32dim,27,official_auto_max40,12345,40,6,6,6,4.76000000000005,False,multiclass_rectangular_hungarian,265627,104184,14,6,5,1,0.35714285714285715,0.6690273053484976,0.25563113638083307,0.34876422415037844,0.28722968427991297,0.5486923963921143,0.6982358135606235,0.6002202791365673,0.6982358135606235,5,0,0,1.0179360828467743,1.0,1.2857142857142858,0.7157671818663326,0.6982358135606235,2.0245569150772877,3.2
Levine_32dim,27,official_fixed_ktrue,12345,14,14,14,14,0.889999999999986,False,multiclass_rectangular_hungarian,265627,104184,14,14,12,2,0.8571428571428571,0.6818564879323903,0.4475940865785253,0.5678245133301545,0.48224347483774377,0.610408535991512,0.7291330722567765,0.6503960763650048,0.7291330722567765,12,0,0,1.1985354746794148,1.0517004207415988,1.8571428571428572,0.7480729645484617,0.7470340935268371,1.7816020131110166,2.75
Levine_32dim,27,official_fixed_k40,12345,40,40,40,40,4.36000000000001,False,multiclass_rectangular_hungarian,265627,104184,14,40,34,6,2.4285714285714284,0.7825203227433356,0.8340386282559632,0.7198524063773827,0.7461013203163355,0.9764504250807904,0.7448936496966906,0.8258436347301168,0.7448936496966905,14,20,23785,1.8537040083548626,1.5767787542025062,3.642857142857143,0.8399440585824474,0.9665495661521922,1.509041508016129,2.323529411764706
Levine_32dim,28,official_auto_max40,12345,40,6,6,6,4.88999999999999,False,multiclass_rectangular_hungarian,265627,104184,14,6,5,1,0.35714285714285715,0.6764160860209754,0.25706651183990514,0.35151837248428697,0.28935074525924126,0.55059122840396,0.7026606772633034,0.6034949509618195,0.7026606772633034,5,0,0,1.011730122364402,1.0003625149300372,1.2857142857142858,0.7197862331517342,0.7026606772633034,1.9825866198815063,3.4
Levine_32dim,28,official_fixed_ktrue,12345,14,14,14,14,0.920000000000016,False,multiclass_rectangular_hungarian,265627,104184,14,14,11,3,0.7857142857142857,0.686731304209709,0.5062094519444487,0.595034566914116,0.5040369066874183,0.7394172710643293,0.7306208246947709,0.6553879551806038,0.7306208246947707,11,0,0,1.1878508496645261,1.0789646906671466,1.9285714285714286,0.7456718790102869,0.7502591568762957,1.6256495358899792,2.5454545454545454
Levine_32dim,28,official_fixed_k40,12345,40,40,40,40,4.21999999999997,False,multiclass_rectangular_hungarian,265627,104184,14,40,36,4,2.5714285714285716,0.7659691287890503,0.7887497548930481,0.6886996693952032,0.7067725312438566,0.9670574229858369,0.7393745680718726,0.8242149919053591,0.7393745680718729,14,22,23169,1.7333779981514517,1.680870235019087,3.4285714285714284,0.8441666115627462,0.9606177532058665,1.4268044476249104,2.25
Levine_32dim,29,official_auto_max40,12345,40,7,7,7,4.76999999999998,False,multiclass_rectangular_hungarian,265627,104184,14,7,6,1,0.42857142857142855,0.6944644384877379,0.2989764664929722,0.42476505334025566,0.3434520155685921,0.5621945504451342,0.7188147892190739,0.6189786132407483,0.7188147892190739,6,0,0,1.105721179283146,1.009543275508811,1.4285714285714286,0.6976117551502684,0.7188147892190739,1.8028418824738282,2.5
Levine_32dim,29,official_fixed_ktrue,12345,14,14,14,14,0.970000000000027,False,multiclass_rectangular_hungarian,265627,104184,14,14,12,2,0.8571428571428571,0.6784047021752108,0.4791647125361718,0.5639008273751007,0.4764433061786093,0.6804702774700657,0.7262247562005681,0.6503099527730168,0.7262247562005683,12,0,0,1.1593639555939588,1.041634777592812,1.7142857142857142,0.7455264035419839,0.75074867542041,1.7218152236792503,2.5
Levine_32dim,29,official_fixed_k40,12345,40,40,40,40,4.08999999999997,False,multiclass_rectangular_hungarian,265627,104184,14,40,37,3,2.642857142857143,0.8049902850482863,0.8074277029397364,0.7211704299620922,0.7294081860270374,0.9707453480995177,0.7916570682638409,0.8554483184843568,0.7916570682638409,14,23,18006,1.809134151791864,1.4647943497475353,3.642857142857143,0.85483865215923,0.9612704445980189,1.426905567749905,2.0
Samusik_01,0,official_auto_max40,12345,40,10,10,10,5.14999999999998,False,multiclass_rectangular_hungarian,86864,53173,24,10,10,0,0.4166666666666667,0.4217800032020888,0.2910457181112867,0.3693176558455063,0.31589579006249974,0.3641024120991531,0.5539841648957178,0.42573598422824277,0.5539841648957178,10,0,0,1.3775843014630513,1.1007684243351388,2.4166666666666665,0.6985097234670882,0.5539841648957178,1.9567314110517073,3.8
Samusik_01,0,official_fixed_ktrue,12345,24,24,24,24,1.88,False,multiclass_rectangular_hungarian,86864,53173,24,24,24,0,1.0,0.858835083322553,0.6887392305600487,0.6769654012708338,0.6661800540736674,0.8930675772665864,0.8723600323472439,0.8759513502404784,0.8723600323472439,24,0,0,1.5749626247540647,1.34340409584648,3.75,0.8199135464870629,0.9011716472645892,1.5215882784389965,3.2916666666666665
Samusik_01,0,official_fixed_k40,12345,40,40,40,40,4.56,False,multiclass_rectangular_hungarian,86864,53173,24,40,40,0,1.6666666666666667,0.887448951700102,0.76888692781974,0.696182110370708,0.6985642788449478,0.9576429855760245,0.8458240084253286,0.8838478351321444,0.8458240084253287,24,16,4189,1.950787102083425,1.5963395468652202,4.458333333333333,0.8368157643069193,0.9439565192861038,1.4954094700852354,3.4
Samusik_01,1,official_auto_max40,12345,40,7,7,7,5.24000000000001,False,multiclass_rectangular_hungarian,86864,53173,24,7,7,0,0.2916666666666667,0.4093573103435583,0.18110027977457577,0.24342627301609165,0.19985859561209132,0.33828243700038363,0.5254358414985049,0.39692657579275437,0.5254358414985049,7,0,0,1.3014197949195239,1.0845438662224924,2.0833333333333335,0.6209152449414026,0.5254358414985049,2.468123193687449,4.428571428571429
Samusik_01,1,official_fixed_ktrue,12345,24,24,24,24,2.31,False,multiclass_rectangular_hungarian,86864,53173,24,24,24,0,1.0,0.5892626679244619,0.6304750884172804,0.6324500522804049,0.6122473420790447,0.5810039455033017,0.6593759990972863,0.5848662450152815,0.6593759990972862,24,0,0,1.505213394425045,1.3805606041607033,3.4166666666666665,0.7441207653969935,0.6788971846613883,1.8515008997804714,3.375
Samusik_01,1,official_fixed_k40,12345,40,40,40,40,4.27999999999997,False,multiclass_rectangular_hungarian,86864,53173,24,40,40,0,1.6666666666666667,0.8952875337591539,0.7429456675230198,0.6991189255367422,0.6864273155177661,0.952920918981099,0.847159272563143,0.8834571250413068,0.8471592725631429,24,16,4990,2.0777912259850075,1.6492308645002396,4.333333333333333,0.7958658080569126,0.9371485528369661,1.623635834408195,3.075
Samusik_01,2,official_auto_max40,12345,40,8,8,8,5.01999999999998,False,multiclass_rectangular_hungarian,86864,53173,24,8,8,0,0.3333333333333333,0.4097678394124421,0.22525331057783515,0.2975414759051316,0.24952932009500958,0.3486668594948088,0.5413461719293626,0.41020217209608156,0.5413461719293626,8,0,0,1.277417772419387,1.1391103855000855,2.125,0.6757599317335055,0.5413461719293626,2.0447358092353403,3.5
Samusik_01,2,official_fixed_ktrue,12345,24,24,24,24,1.94999999999999,False,multiclass_rectangular_hungarian,86864,53173,24,24,24,0,1.0,0.8409265396747112,0.6865484719039872,0.6857206637422246,0.6646496052997038,0.8708737818299099,0.853440655972016,0.8491035527082177,0.8534406559720159,24,0,0,1.558842785509814,1.456635724873355,3.4583333333333335,0.8020405240358063,0.8858255129483008,1.649980420761933,3.5416666666666665
Samusik_01,2,official_fixed_k40,12345,40,40,40,40,4.44,False,multiclass_rectangular_hungarian,86864,53173,24,40,40,0,1.6666666666666667,0.8220405214360735,0.7368297573818919,0.7029413837243753,0.6896128749638422,0.9527103345417702,0.8162225189475862,0.8657011217713294,0.8162225189475861,24,16,6383,1.769693416415685,1.5770671104478855,4.25,0.7798168401845734,0.927858123483723,1.7271716155135715,3.5
Samusik_01,3,official_auto_max40,12345,40,7,7,7,4.84999999999997,False,multiclass_rectangular_hungarian,86864,53173,24,7,7,0,0.2916666666666667,0.43875639808477374,0.18222887555263093,0.24755034158159972,0.2018560323153553,0.34410288394475197,0.5323566471705565,0.40430478316994384,0.5323566471705565,7,0,0,1.351726448225926,1.0839534506424617,2.125,0.624784716180449,0.5323566471705565,2.5053975835418285,4.142857142857143
Samusik_01,3,official_fixed_ktrue,12345,24,24,24,24,2.13999999999999,False,multiclass_rectangular_hungarian,86864,53173,24,24,24,0,1.0,0.5795798306464046,0.6564395623123362,0.6591503056386544,0.6361100426996918,0.5718148758065569,0.6664660636037087,0.5887435913126202,0.6664660636037086,24,0,0,1.590917039584384,1.4280599280646709,3.2916666666666665,0.7775342308010047,0.6832414947435729,1.7503563153520727,3.5
Samusik_01,3,official_fixed_k40,12345,40,40,40,40,4.54000000000002,False,multiclass_rectangular_hungarian,86864,53173,24,40,40,0,1.6666666666666667,0.878141566435008,0.7669974070403516,0.7061691221360249,0.7157803206305852,0.9605771006864643,0.8475730163804939,0.8889212633844902,0.8475730163804939,24,16,6095,1.9283995931930662,1.5677691487341794,4.291666666666667,0.8265574859949982,0.9464577887273616,1.569469594384847,3.4
Samusik_01,4,official_auto_max40,12345,40,10,10,10,5.09000000000003,False,multiclass_rectangular_hungarian,86864,53173,24,10,10,0,0.4166666666666667,0.4130811032491615,0.28861511934121714,0.37213779427233296,0.3153239612053071,0.36242570218394077,0.5482293645271097,0.42109668725374005,0.5482293645271096,10,0,0,1.326857240831896,1.1289032402018524,2.3333333333333335,0.6926762864189211,0.5482293645271096,2.04844188205396,3.9
Samusik_01,4,official_fixed_ktrue,12345,24,24,24,24,2.13,False,multiclass_rectangular_hungarian,86864,53173,24,24,24,0,1.0,0.5902310882725,0.6273009667940147,0.6461803214985432,0.6146031715122204,0.5738303529834221,0.6496530193895398,0.5824439067788261,0.6496530193895398,24,0,0,1.575244047493965,1.400718410460116,3.4583333333333335,0.780638939336996,0.6814736802512553,1.646224587746757,3.4583333333333335
Samusik_01,4,official_fixed_k40,12345,40,40,40,40,4.36000000000001,False,multiclass_rectangular_hungarian,86864,53173,24,40,40,0,1.6666666666666667,0.8591591776819658,0.7411304866459537,0.7154214199875719,0.6867181197298603,0.9482003800700303,0.8296315799371862,0.8713504290182756,0.8296315799371862,24,16,4260,2.0290708319971666,1.639540559646885,4.666666666666667,0.8008378272920862,0.9312433001711395,1.586837552645337,3.25
Samusik_01,5,official_auto_max40,12345,40,7,7,7,4.88,False,multiclass_rectangular_hungarian,86864,53173,24,7,7,0,0.2916666666666667,0.3971440849393933,0.1543920702982137,0.2519374567106027,0.18236035345052684,0.3296157916323345,0.52238918247983,0.38976097086801154,0.52238918247983,7,0,0,1.3555118655303284,1.1292241309009343,2.2916666666666665,0.5361221346616546,0.5228781524457902,2.7205348317175546,4.714285714285714
Samusik_01,5,official_fixed_ktrue,12345,24,24,24,24,2.00999999999999,False,multiclass_rectangular_hungarian,86864,53173,24,24,24,0,1.0,0.8946143735720264,0.686351253439008,0.7226908409720249,0.6893953029128914,0.9308115016687829,0.894156808906776,0.904959684122222,0.894156808906776,24,0,0,1.5908635915802816,1.4458652723001553,3.5,0.7984865528526998,0.9207304459029959,1.6570387542794363,3.5833333333333335
Samusik_01,5,official_fixed_k40,12345,40,40,40,40,4.43000000000001,False,multiclass_rectangular_hungarian,86864,53173,24,40,40,0,1.6666666666666667,0.8653667966247414,0.7301760556274784,0.6897441128426117,0.6910450713172436,0.9395684972879298,0.8341827619280462,0.8674137953987242,0.8341827619280462,24,16,3559,1.8891324275842607,1.6288762488991773,4.291666666666667,0.8137955390911887,0.9302089406277622,1.5854251939930415,3.25
Samusik_01,6,official_auto_max40,12345,40,8,8,8,4.69,False,multiclass_rectangular_hungarian,86864,53173,24,8,8,0,0.3333333333333333,0.405633156943437,0.212492637504777,0.28384335235748,0.23608326409076064,0.34124206075039987,0.5251537434412202,0.39785386867864647,0.5251537434412201,8,0,0,1.2829944525600376,1.1195895282338384,2.2083333333333335,0.6374779125143311,0.5251537434412201,2.2416966344196307,4.125
Samusik_01,6,official_fixed_ktrue,12345,24,24,24,24,2.15000000000003,False,multiclass_rectangular_hungarian,86864,53173,24,24,24,0,1.0,0.5726127252296155,0.6088959811732259,0.6346753003371312,0.6087469100122734,0.5485480878232101,0.6502172155041093,0.5707184997401653,0.6502172155041093,24,0,0,1.4708875612440881,1.3609718880206811,3.3333333333333335,0.7706182046130848,0.6731423842927802,1.7327122269702322,3.75
Samusik_01,6,official_fixed_k40,12345,40,40,40,40,4.25,False,multiclass_rectangular_hungarian,86864,53173,24,40,40,0,1.6666666666666667,0.8607455521189581,0.7546664247296517,0.7121704332801254,0.6973372483053302,0.959458420703825,0.8320388166926823,0.8780876579402834,0.8320388166926824,24,16,4256,1.920019279225599,1.4945825117998326,4.5,0.810360364786157,0.9426024486111372,1.591612958431773,3.25
Samusik_01,7,official_auto_max40,12345,40,9,9,9,4.75,False,multiclass_rectangular_hungarian,86864,53173,24,9,9,0,0.375,0.42394192194505476,0.24543686979800597,0.3316036232299686,0.272197555538149,0.353999865685257,0.5461230323660504,0.4174267783378646,0.5461230323660504,9,0,0,1.3118598772708654,1.076337776492554,2.25,0.6544983194613495,0.5461230323660504,2.20595015966475,4.111111111111111
Samusik_01,7,official_fixed_ktrue,12345,24,24,24,24,1.98999999999995,False,multiclass_rectangular_hungarian,86864,53173,24,24,24,0,1.0,0.8567735160433054,0.692361512324679,0.6793488452982174,0.6741961913492137,0.8827944524380481,0.8799578733567789,0.8747698713369424,0.8799578733567788,24,0,0,1.5687388776892977,1.372176601463274,3.5,0.8053569509848404,0.8994602523837286,1.6230573677819624,3.3333333333333335
Samusik_01,7,official_fixed_k40,12345,40,40,40,40,4.53000000000003,False,multiclass_rectangular_hungarian,86864,53173,24,40,40,0,1.6666666666666667,0.732462320444486,0.7122006327039276,0.6556194295564604,0.6570190707314386,0.9401535608172663,0.7236003234724391,0.795417863050694,0.723600323472439,24,16,10453,2.0258713503464487,1.8369588513601827,4.5,0.8144267158280982,0.9330487277377616,1.5784029189598312,3.2
Samusik_01,8,official_auto_max40,12345,40,9,9,9,5.06,False,multiclass_rectangular_hungarian,86864,53173,24,9,9,0,0.375,0.4220363890569769,0.25838401904247277,0.3332612073488055,0.284120009905694,0.35535774075284865,0.5462922912004212,0.41779959895745133,0.5462922912004212,9,0,0,1.371001319275144,1.102502798062729,2.4583333333333335,0.6890240507799273,0.5462922912004212,2.0537752176966415,4.444444444444445
Samusik_01,8,official_fixed_ktrue,12345,24,24,24,24,2.03000000000003,False,multiclass_rectangular_hungarian,86864,53173,24,24,24,0,1.0,0.8721619944612002,0.6802137798859187,0.6858852080058474,0.6758310254606279,0.8879998370541401,0.881518815940421,0.8797738389609613,0.8815188159404209,24,0,0,1.474281987911325,1.3283501105823259,3.4166666666666665,0.8349530286165807,0.9049705677693566,1.4680763148772185,3.5416666666666665
Samusik_01,8,official_fixed_k40,12345,40,40,40,40,4.29999999999995,False,multiclass_rectangular_hungarian,86864,53173,24,40,40,0,1.6666666666666667,0.8916459890034237,0.7558187659217768,0.7407978403666023,0.7013203287681481,0.95483107792667,0.8454666842194347,0.879275882404558,0.8454666842194347,24,16,3751,2.010170711674737,1.4430789071763426,4.458333333333333,0.8149652965409608,0.9433923231715344,1.5503913496390893,3.325
Samusik_01,9,official_auto_max40,12345,40,8,8,8,4.85999999999996,False,multiclass_rectangular_hungarian,86864,53173,24,8,8,0,0.3333333333333333,0.40388744612757593,0.20937635704340665,0.2824316905193461,0.23344719627760604,0.3476437617278243,0.530231508472345,0.40394089457079846,0.530231508472345,8,0,0,1.3938047387188452,1.1528766727678321,2.375,0.6281290711302201,0.530231508472345,2.2958041448580646,4.125
Samusik_01,9,official_fixed_ktrue,12345,24,24,24,24,2.06,False,multiclass_rectangular_hungarian,86864,53173,24,24,24,0,1.0,0.870761825870925,0.6802185790876495,0.6562126290439487,0.6605629455968556,0.8893818971178263,0.8671318150189007,0.8735090937776885,0.8671318150189006,24,0,0,1.5660686163321704,1.4606347286657642,3.5833333333333335,0.8032527123215237,0.8993098000865101,1.6512795895283354,3.5
Samusik_01,9,official_fixed_k40,12345,40,40,40,40,4.29000000000002,False,multiclass_rectangular_hungarian,86864,53173,24,40,40,0,1.6666666666666667,0.8131395806865389,0.7774522300311952,0.7215400668870502,0.7195022390086542,0.9576190131433011,0.8030579429409663,0.8609827689960371,0.8030579429409663,24,16,7174,2.0655249558746687,1.5340304903336535,4.5,0.822459917754825,0.9411543452504091,1.5302667205127203,3.275
Samusik_01,10,official_auto_max40,12345,40,9,9,9,4.81,False,multiclass_rectangular_hungarian,86864,53173,24,9,9,0,0.375,0.4169097957976973,0.25500404427516193,0.33458800946346745,0.28027536849097495,0.35728820184943844,0.5477027814868449,0.4181372406401171,0.5477027814868448,9,0,0,1.3690379246620494,1.110283547556857,2.3333333333333335,0.6800107847337652,0.5477027814868448,2.033662090850345,3.4444444444444446
Samusik_01,10,official_fixed_ktrue,12345,24,24,24,24,2.19,False,multiclass_rectangular_hungarian,86864,53173,24,24,24,0,1.0,0.5786891554880758,0.6669991045797395,0.6728288583352429,0.6495008582652392,0.5654879872243154,0.6669174204953642,0.5866591748957948,0.6669174204953642,24,0,0,1.5429604483099235,1.3758398999474204,3.4583333333333335,0.7966085530594823,0.6814736802512553,1.6401697916448212,3.4166666666666665
Samusik_01,10,official_fixed_k40,12345,40,40,40,40,4.37,False,multiclass_rectangular_hungarian,86864,53173,24,40,40,0,1.6666666666666667,0.8830148896960327,0.7655749766245782,0.7018021654334854,0.7063780213998859,0.9578015495102807,0.8468395614315536,0.8835624897788015,0.8468395614315536,24,16,4930,1.7786621770525362,1.515408900841015,4.291666666666667,0.8064638612773363,0.9368476482425291,1.6854647625269052,3.275
Samusik_01,11,official_auto_max40,12345,40,7,7,7,5.48000000000002,False,multiclass_rectangular_hungarian,86864,53173,24,7,7,0,0.2916666666666667,0.43165730545639147,0.17914246460122119,0.24469230188153313,0.20101674183750737,0.3386038776164597,0.5270720102307562,0.39936392063879056,0.5270720102307562,7,0,0,1.287478067451185,1.0523333093125904,2.0416666666666665,0.6142027357756155,0.5270720102307562,2.511427948429953,3.7142857142857144
Samusik_01,11,official_fixed_ktrue,12345,24,24,24,24,2.17000000000002,False,multiclass_rectangular_hungarian,86864,53173,24,24,24,0,1.0,0.8493398649040594,0.6975607483455972,0.6418810268827605,0.6555395800717868,0.8705754466055726,0.8723224192729394,0.8646151397575652,0.8723224192729393,24,0,0,1.5563612401421547,1.4405102898575177,3.3333333333333335,0.821835791462382,0.8901322099561808,1.5822017136322415,3.375
Samusik_01,11,official_fixed_k40,12345,40,40,40,40,4.59999999999997,False,multiclass_rectangular_hungarian,86864,53173,24,40,40,0,1.6666666666666667,0.8552684841985821,0.7539203101051566,0.6609987782980332,0.6797600960984838,0.9522794027060834,0.8270926974216237,0.8738415235462372,0.8270926974216237,24,16,5347,2.0058158088507443,1.6117161825649104,4.25,0.8207530144548713,0.9440881650461701,1.5648294084094192,3.1
Samusik_01,12,official_auto_max40,12345,40,6,6,6,5.27000000000004,False,multiclass_rectangular_hungarian,86864,53173,24,6,6,0,0.25,0.4117786499632607,0.14624673027240584,0.22087764611219585,0.17002859351704988,0.33747487438837565,0.533409813251086,0.40039460919340236,0.533409813251086,6,0,0,1.3116024703695215,1.0219355648287856,2.0,0.5849869210896234,0.533409813251086,2.5123462215103967,4.166666666666667
Samusik_01,12,official_fixed_ktrue,12345,24,24,24,24,2.06,False,multiclass_rectangular_hungarian,86864,53173,24,24,24,0,1.0,0.5942110534408812,0.6339483039635622,0.6419771261085869,0.6222142068297666,0.6063107153603158,0.6623474319673519,0.5925540573861446,0.6623474319673518,24,0,0,1.5221221224585548,1.2717663645132133,3.5,0.7509405083151078,0.6856863445733737,1.9369015748324963,3.9583333333333335
Samusik_01,12,official_fixed_k40,12345,40,40,40,40,4.56,False,multiclass_rectangular_hungarian,86864,53173,24,40,40,0,1.6666666666666667,0.8766224840478013,0.7342561025675766,0.7144812486274043,0.6935659889636914,0.9526186204629483,0.8304214544975834,0.8664473654984881,0.8304214544975833,24,16,5402,1.9261812762501442,1.4594509751194207,4.416666666666667,0.7862402489337527,0.932653790457563,1.7478589430879636,3.475
Samusik_01,13,official_auto_max40,12345,40,8,8,8,4.81,False,multiclass_rectangular_hungarian,86864,53173,24,8,8,0,0.3333333333333333,0.43300942681409466,0.20539710477740525,0.27846422698400014,0.22747211103157658,0.33162191537355223,0.5245707407894984,0.39424356772550706,0.5245707407894984,8,0,0,1.3058940531075904,1.1005373544479387,2.25,0.6161913143322157,0.5245707407894984,2.5845695480109008,4.875
Samusik_01,13,official_fixed_ktrue,12345,24,24,24,24,2.05000000000001,False,multiclass_rectangular_hungarian,86864,53173,24,24,24,0,1.0,0.579220585034235,0.6131155600566238,0.6627148686972931,0.6155743599402043,0.5517858288186043,0.6579467022737104,0.5759448676807437,0.6579467022737103,24,0,0,1.5633908729171537,1.4327191267632706,3.5833333333333335,0.7263285500351119,0.6704530494799993,1.912975923695867,3.875
Samusik_01,13,official_fixed_k40,12345,40,40,40,40,4.43000000000001,False,multiclass_rectangular_hungarian,86864,53173,24,40,40,0,1.6666666666666667,0.8770730245049753,0.7449740729138642,0.7047380765692686,0.7029229783283091,0.9524460805653546,0.8510146126793672,0.8859116838676188,0.8510146126793674,24,16,5024,1.8642246150007231,1.5341597595255654,4.458333333333333,0.803475133074234,0.935644029864781,1.6209008296084455,3.425
Samusik_01,14,official_auto_max40,12345,40,8,8,8,5.08999999999997,False,multiclass_rectangular_hungarian,86864,53173,24,8,8,0,0.3333333333333333,0.40798843613774327,0.2199716262109542,0.29524390056772665,0.24506646694079925,0.3481428544153836,0.5402553927745284,0.41027464187914414,0.5402553927745284,8,0,0,1.2905763707150972,1.052443295453301,2.0833333333333335,0.6599148786328626,0.5402553927745284,2.222555817938603,4.125
Samusik_01,14,official_fixed_ktrue,12345,24,24,24,24,2.04000000000002,False,multiclass_rectangular_hungarian,86864,53173,24,24,24,0,1.0,0.5877727067588963,0.648310391827693,0.6293404750751622,0.6062429926518154,0.6695934531680449,0.6584356722396706,0.5863490772782092,0.6584356722396705,24,0,0,1.526010693047284,1.4182722343726752,3.375,0.7704859981897219,0.6779568578037726,1.6363153100274352,3.5416666666666665
Samusik_01,14,official_fixed_k40,12345,40,40,40,40,4.38999999999999,False,multiclass_rectangular_hungarian,86864,53173,24,40,39,1,1.625,0.8974644529865582,0.739005346377129,0.6740246540279474,0.6865680827240914,0.952977194852642,0.8557538600417505,0.8876007677567228,0.8557538600417505,24,15,4227,2.0231331804819246,1.6238677566133508,4.208333333333333,0.8175437337163469,0.9406465687472966,1.5105157759357153,3.3076923076923075
Samusik_01,15,official_auto_max40,12345,40,9,9,9,4.93000000000001,False,multiclass_rectangular_hungarian,86864,53173,24,9,9,0,0.375,0.41740549531205007,0.2574188325557225,0.3209575547917623,0.27826148929380573,0.35139076029147487,0.5401425535516146,0.4123241457584508,0.5401425535516146,9,0,0,1.3052353190044517,1.1497773584379478,2.25,0.6864502201485934,0.5401425535516146,2.0946618400960553,4.0
Samusik_01,15,official_fixed_ktrue,12345,24,24,24,24,1.99000000000001,False,multiclass_rectangular_hungarian,86864,53173,24,24,24,0,1.0,0.8265433401861499,0.6333960017855983,0.6234312726476967,0.6177560850491627,0.8474402712951596,0.8378500366727475,0.8328882061949837,0.8378500366727475,24,0,0,1.5447448092852796,1.4486989688574565,3.4583333333333335,0.8072898565401755,0.877870347732872,1.6201709570413805,3.4166666666666665
Samusik_01,15,official_fixed_k40,12345,40,40,40,40,4.44999999999999,False,multiclass_rectangular_hungarian,86864,53173,24,40,40,0,1.6666666666666667,0.8566264731911167,0.732900895507289,0.7096940898046472,0.6823711458661136,0.9395204163609704,0.8354427999172511,0.8682468655069807,0.8354427999172512,24,16,4400,1.7482201063256972,1.5186430331066272,4.166666666666667,0.8001022954395095,0.9291745810843849,1.629575805684129,3.4
Samusik_01,16,official_auto_max40,12345,40,8,8,8,5.13999999999999,False,multiclass_rectangular_hungarian,86864,53173,24,8,8,0,0.3333333333333333,0.4102546982897393,0.20872605586563556,0.29350175796674544,0.2359195943318871,0.35532167737042175,0.5445056701709514,0.4160866667741596,0.5445056701709514,8,0,0,1.356400541302017,1.1070332774126386,2.3333333333333335,0.6261781675969067,0.5445056701709514,2.385718412877029,4.625
Samusik_01,16,official_fixed_ktrue,12345,24,24,24,24,2.17000000000002,False,multiclass_rectangular_hungarian,86864,53173,24,24,24,0,1.0,0.8809625333418962,0.6717752218081477,0.6712242838605852,0.6636061155429372,0.8947581661095751,0.8835875350271755,0.8841245502155091,0.8835875350271755,24,0,0,1.495802976651464,1.405268110343778,3.375,0.7943969829203992,0.9063810580557802,1.7313097260333887,3.6666666666666665
Samusik_01,16,official_fixed_k40,12345,40,40,40,40,4.30000000000001,False,multiclass_rectangular_hungarian,86864,53173,24,40,40,0,1.6666666666666667,0.8634755239646758,0.7555573485944717,0.7400934757055918,0.7171021338883617,0.95554363759922,0.854700693961221,0.893873451328288,0.854700693961221,24,16,4922,1.780806310828206,1.529273446561065,4.208333333333333,0.7920500710679993,0.9420946721080248,1.7517984233374935,3.5
Samusik_01,17,official_auto_max40,12345,40,10,10,10,5.17000000000002,False,multiclass_rectangular_hungarian,86864,53173,24,10,10,0,0.4166666666666667,0.45234575010556394,0.3028086946141428,0.382124935378573,0.33059025655741253,0.3767084965390638,0.5652304741128016,0.43923928370141563,0.5652304741128016,10,0,0,1.29177791705123,1.0721058151079554,2.2916666666666665,0.7267408670739426,0.5652304741128016,1.9064296524546915,3.3
Samusik_01,17,official_fixed_ktrue,12345,24,24,24,24,2.04000000000002,False,multiclass_rectangular_hungarian,86864,53173,24,24,24,0,1.0,0.8510442335433059,0.6689729627205828,0.6777322399938158,0.6638476837635309,0.8697465810556139,0.870686250540688,0.8638639188689569,0.8706862505406879,24,0,0,1.4944862543452546,1.2980198950686772,3.4583333333333335,0.8054258100298206,0.8926522859345909,1.6378577700856158,3.4583333333333335
Samusik_01,17,official_fixed_k40,12345,40,40,40,40,4.26999999999998,False,multiclass_rectangular_hungarian,86864,53173,24,40,40,0,1.6666666666666667,0.8889469404069777,0.746714037261667,0.7157013726202616,0.6902306030977577,0.950979353533032,0.8449212946420177,0.8795450044561298,0.8449212946420176,24,16,4293,2.0514986988785138,1.5648091137263482,4.5,0.8255037966451931,0.9437684539145808,1.577429858857115,3.175
Samusik_01,18,official_auto_max40,12345,40,9,9,9,4.87,False,multiclass_rectangular_hungarian,86864,53173,24,9,9,0,0.375,0.4144128378200631,0.26087923582024863,0.3277320716874576,0.2831676297278101,0.35128976310357535,0.536400052658304,0.40993367122132746,0.536400052658304,9,0,0,1.3086311446786751,1.1146152142901515,2.1666666666666665,0.6956779621873297,0.536400052658304,2.091610207998814,3.7777777777777777
Samusik_01,18,official_fixed_ktrue,12345,24,24,24,24,1.94000000000005,False,multiclass_rectangular_hungarian,86864,53173,24,24,24,0,1.0,0.8775672117875124,0.660663550193897,0.6752461376331841,0.6503255353183279,0.8880262551668733,0.8793184510936003,0.8768343981526776,0.8793184510936002,24,0,0,1.4654999651094858,1.3507835575429445,3.2916666666666665,0.8048342220109609,0.9040866605231979,1.644220617952758,3.2083333333333335
Samusik_01,18,official_fixed_k40,12345,40,40,40,40,4.18999999999994,False,multiclass_rectangular_hungarian,86864,53173,24,40,40,0,1.6666666666666667,0.8701323942123119,0.7360010151964339,0.687741920051898,0.6939623262298332,0.9524207922116177,0.8405017584112238,0.8817557875670254,0.8405017584112238,24,16,5157,1.9364974384704794,1.575181291876985,4.375,0.7989436555516786,0.9341207003554436,1.6829753922008184,3.25
Samusik_01,19,official_auto_max40,12345,40,6,6,6,4.69000000000005,False,multiclass_rectangular_hungarian,86864,53173,24,6,6,0,0.25,0.39804753416818317,0.1627888750945032,0.20620146960348226,0.172480868575449,0.32538573749504485,0.522088277885393,0.3889782126781224,0.5220882778853929,6,0,0,1.2768695138597528,1.0300849847735694,1.875,0.6511555003780128,0.5220882778853929,2.3995626574383047,3.6666666666666665
Samusik_01,19,official_fixed_ktrue,12345,24,24,24,24,1.79999999999995,False,multiclass_rectangular_hungarian,86864,53173,24,24,24,0,1.0,0.850033085335665,0.6799484326358729,0.6559863867040748,0.6589804848063875,0.8656172649887572,0.8725104846444625,0.8636910287817764,0.8725104846444625,24,0,0,1.5295822258634655,1.397780291611342,3.4166666666666665,0.8124943633202112,0.8890414308013466,1.6440957599743935,3.375
Samusik_01,19,official_fixed_k40,12345,40,40,40,40,4.25,False,multiclass_rectangular_hungarian,86864,53173,24,40,40,0,1.6666666666666667,0.8717252548645291,0.7536987454330383,0.7026141929844067,0.7019422011870186,0.946766846623632,0.8465386568371166,0.8834780615025324,0.8465386568371166,24,16,4108,1.8812633389290958,1.579373997623037,4.125,0.8006734687517841,0.9308671694280932,1.6890204425905195,3.225
Samusik_01,20,official_auto_max40,12345,40,8,8,8,5.61000000000001,False,multiclass_rectangular_hungarian,86864,53173,24,8,8,0,0.3333333333333333,0.40896151182251095,0.21352945363898612,0.2836359787176467,0.23686712301997584,0.33864616196074704,0.5258871983901604,0.3987434585091,0.5258871983901604,8,0,0,1.3589983126193677,1.0940373597411321,2.2083333333333335,0.6405883609169584,0.5258871983901604,2.391945980149994,4.625
Samusik_01,20,official_fixed_ktrue,12345,24,24,24,24,2.25,False,multiclass_rectangular_hungarian,86864,53173,24,24,24,0,1.0,0.5936447748767882,0.6420643190240952,0.6436592515808345,0.6192033689879666,0.6067986873422027,0.6620277208357626,0.5948365711687031,0.6620277208357626,24,0,0,1.580745366325593,1.3167903321015557,3.5833333333333335,0.731497009077995,0.6784646343068851,2.000435761201706,3.6666666666666665
Samusik_01,20,official_fixed_k40,12345,40,40,40,40,4.63,False,multiclass_rectangular_hungarian,86864,53173,24,40,40,0,1.6666666666666667,0.8827411891244733,0.755167330584233,0.7073681993785886,0.7083848466352723,0.9542893614784199,0.8499426400616854,0.8843702670136917,0.8499426400616854,24,16,4638,1.9827955622407483,1.627956248456936,4.333333333333333,0.8187945881338617,0.9371861659112708,1.602146153741198,3.325
Samusik_01,21,official_auto_max40,12345,40,10,10,10,5.77999999999997,False,multiclass_rectangular_hungarian,86864,53173,24,10,10,0,0.4166666666666667,0.413522014445463,0.29319742263955356,0.3705204801195449,0.32068609057780967,0.3637894291976744,0.5501852443909503,0.42430376424622546,0.5501852443909503,10,0,0,1.3453288905214986,1.1467670970855866,2.4166666666666665,0.7036738143349284,0.5501852443909503,1.9598536771795598,3.9
Samusik_01,21,official_fixed_ktrue,12345,24,24,24,24,2.0,False,multiclass_rectangular_hungarian,86864,53173,24,24,24,0,1.0,0.8663205135330398,0.6866009144839351,0.7067526027505441,0.6873688838490167,0.8843460090784526,0.8833430500441953,0.8793018783314327,0.8833430500441953,24,0,0,1.567270188820637,1.3588760926342822,3.6666666666666665,0.8105351808142877,0.9008519361329999,1.5616752103058165,4.0
Samusik_01,21,official_fixed_k40,12345,40,40,40,40,4.75,False,multiclass_rectangular_hungarian,86864,53173,24,40,39,1,1.625,0.8773438985183231,0.7337104514023122,0.7084672407131635,0.6900101151056511,0.9492290244245465,0.8446391965847329,0.8767525987344483,0.8446391965847329,24,15,4091,1.767543752835983,1.5202193026988708,4.416666666666667,0.8049889343745368,0.9316758505256427,1.6599162836373609,3.5641025641025643
Samusik_01,22,official_auto_max40,12345,40,8,8,8,4.86000000000001,False,multiclass_rectangular_hungarian,86864,53173,24,8,8,0,0.3333333333333333,0.4143391174395857,0.20739290822460288,0.2854198762806182,0.2337686036432257,0.34515063337840135,0.5315667726101594,0.4044120955136179,0.5315667726101593,8,0,0,1.3038019903616938,1.0980562981939734,2.0833333333333335,0.6221787246738087,0.5315667726101593,2.375872467553815,4.5
Samusik_01,22,official_fixed_ktrue,12345,24,24,24,24,1.86000000000001,False,multiclass_rectangular_hungarian,86864,53173,24,24,24,0,1.0,0.8786995339191157,0.7090569284864872,0.6537999622708867,0.6631198800526371,0.8964150942457502,0.8805220694713483,0.8810584820905039,0.8805220694713483,24,0,0,1.5002217532944542,1.3587216752607192,3.4166666666666665,0.7955440295419146,0.9018674891392248,1.684203509888949,3.5
Samusik_01,22,official_fixed_k40,12345,40,40,40,40,4.22000000000003,False,multiclass_rectangular_hungarian,86864,53173,24,40,40,0,1.6666666666666667,0.8547488545817677,0.7308276358114522,0.6839483589409747,0.685442404457695,0.9520570149436571,0.8326782389558611,0.8735115043593027,0.832678238955861,24,16,4364,1.9221629158692568,1.4945260916715917,4.291666666666667,0.8195659994283451,0.9383897842890189,1.5939367368729582,3.2
Samusik_01,23,official_auto_max40,12345,40,7,7,7,4.75,False,multiclass_rectangular_hungarian,86864,53173,24,7,7,0,0.2916666666666667,0.4154421605664583,0.16778070350009497,0.2624243794244114,0.1975595816836019,0.34816938982436657,0.5403870385345946,0.40968353314308886,0.5403870385345946,7,0,0,1.2796267203644582,1.0390274621148792,2.1666666666666665,0.5752481262860398,0.5403870385345946,2.631102455652679,4.714285714285714
Samusik_01,23,official_fixed_ktrue,12345,24,24,24,24,2.18999999999994,False,multiclass_rectangular_hungarian,86864,53173,24,24,24,0,1.0,0.8650382393787884,0.6617607409440752,0.7004968604401579,0.6664569226788345,0.8807623758637212,0.8716641904726083,0.8704812949082701,0.8716641904726082,24,0,0,1.5375910787994627,1.3460254201596316,3.5416666666666665,0.7807217914430741,0.8943448742782991,1.765992677782038,3.2916666666666665
Samusik_01,23,official_fixed_k40,12345,40,40,40,40,4.29000000000008,False,multiclass_rectangular_hungarian,86864,53173,24,40,40,0,1.6666666666666667,0.8866437071130381,0.7359496501360868,0.7198751178739742,0.6810439819697544,0.9502639643593893,0.8420438944577135,0.8755196221051523,0.8420438944577135,24,16,3549,1.9077287244935677,1.5748871610804092,4.458333333333333,0.7988787295753347,0.9359637409963704,1.6387713653453713,3.325
Samusik_01,24,official_auto_max40,12345,40,8,8,8,5.11000000000001,False,multiclass_rectangular_hungarian,86864,53173,24,8,8,0,0.3333333333333333,0.4096297246971789,0.21539631484341082,0.2930845921514081,0.24238678865397653,0.3474539674296804,0.5355913715607545,0.4072717177432239,0.5355913715607545,8,0,0,1.350542364002962,1.1147992186504512,2.2083333333333335,0.6461889445302326,0.5355913715607545,2.1886547589915253,4.0
Samusik_01,24,official_fixed_ktrue,12345,24,24,24,24,2.02999999999997,False,multiclass_rectangular_hungarian,86864,53173,24,24,24,0,1.0,0.8756348810030945,0.6667542529037648,0.6839383062023733,0.6643619446677723,0.889912188606155,0.8812555244202884,0.8791644481790644,0.8812555244202885,24,0,0,1.521394353168634,1.3280152121268118,3.7083333333333335,0.7966353354348671,0.9041054670603502,1.6970680060530725,3.5416666666666665
Samusik_01,24,official_fixed_k40,12345,40,40,40,40,4.45000000000005,False,multiclass_rectangular_hungarian,86864,53173,24,40,40,0,1.6666666666666667,0.8336908829730197,0.7682155424565525,0.7050989116183315,0.7115513918283675,0.9538269914492022,0.8264908882327497,0.8707584917577582,0.8264908882327497,24,16,6272,1.8137949495709254,1.5130341625607766,4.5,0.823405020568811,0.9369416809282907,1.5462414197947123,3.425
Samusik_01,25,official_auto_max40,12345,40,7,7,7,4.69999999999993,False,multiclass_rectangular_hungarian,86864,53173,24,7,7,0,0.2916666666666667,0.4098904448889018,0.1910319533043865,0.2587425607830745,0.21366073342039296,0.34957630631985137,0.5354785323378406,0.40846089163382515,0.5354785323378406,7,0,0,1.266765464122837,1.077851222019202,2.125,0.6549666970436107,0.5354785323378406,2.2607152224773857,4.142857142857143
Samusik_01,25,official_fixed_ktrue,12345,24,24,24,24,2.13,False,multiclass_rectangular_hungarian,86864,53173,24,24,24,0,1.0,0.8612932100254831,0.6757855969070349,0.6751478097841161,0.6643961312063417,0.8824636337621011,0.8842269572903542,0.8773024628851189,0.8842269572903542,24,0,0,1.4750198881515981,1.3264651151501403,3.3333333333333335,0.7983948275563565,0.9002877400184304,1.6320735156515553,3.5416666666666665
Samusik_01,25,official_fixed_k40,12345,40,40,40,40,3.98000000000002,False,multiclass_rectangular_hungarian,86864,53173,24,40,40,0,1.6666666666666667,0.8195122556852128,0.7453745697960382,0.6965265089881032,0.6868116158850909,0.9517279653272124,0.8014593872830196,0.8547131401310257,0.8014593872830196,24,16,5962,2.018909753675874,1.5751639528100825,4.416666666666667,0.8176074124830162,0.9396310157410716,1.579951037079215,3.175
Samusik_01,26,official_auto_max40,12345,40,9,9,9,4.98000000000002,False,multiclass_rectangular_hungarian,86864,53173,24,9,9,0,0.375,0.42116233525523217,0.25936290323858213,0.32802864448433716,0.28198864828146114,0.3562445889205202,0.5445244767081038,0.416874232942474,0.5445244767081038,9,0,0,1.3489803075413676,1.1180422052085506,2.3333333333333335,0.6916344086362191,0.5445244767081038,2.0534185166485575,4.0
Samusik_01,26,official_fixed_ktrue,12345,24,24,24,24,2.13999999999999,False,multiclass_rectangular_hungarian,86864,53173,24,24,24,0,1.0,0.8457892619133103,0.6963733900427062,0.6894900190224131,0.6803722314578443,0.8790742429206226,0.8823463035751228,0.8742793507798993,0.8823463035751227,24,0,0,1.5213389179754468,1.3290056446333907,3.5416666666666665,0.8074912619882325,0.8948714573185639,1.6426078534284179,3.5
Samusik_01,26,official_fixed_k40,12345,40,40,40,40,4.41000000000008,False,multiclass_rectangular_hungarian,86864,53173,24,40,40,0,1.6666666666666667,0.8487671145976949,0.7534278583818219,0.704733723687259,0.70772120764981,0.9370431584206423,0.8267165666785775,0.8689943033750999,0.8267165666785775,24,16,6373,1.873075189155573,1.5474933250070828,4.416666666666667,0.8223023868761196,0.9346096703214037,1.5463995229135077,3.325
Samusik_01,27,official_auto_max40,12345,40,11,11,11,5.43999999999994,False,multiclass_rectangular_hungarian,86864,53173,24,11,11,0,0.4583333333333333,0.4572313256457579,0.32524173879001644,0.4182672224560095,0.35824945090489835,0.37961902969657496,0.5686720704116751,0.4417200711057503,0.5686720704116751,11,0,0,1.3394905805561337,1.1199578572791755,2.5,0.7096183391782177,0.5686720704116751,1.8783315877598519,3.727272727272727
Samusik_01,27,official_fixed_ktrue,12345,24,24,24,24,2.04000000000008,False,multiclass_rectangular_hungarian,86864,53173,24,24,24,0,1.0,0.8703173203319478,0.6743208498060893,0.6841507408692328,0.6643025075694045,0.8810203169817019,0.8813871701803547,0.8741978626896549,0.8813871701803547,24,0,0,1.5682882411621961,1.4087536727737655,3.4166666666666665,0.7775482024319486,0.8941003892953191,1.6837317633492452,3.3333333333333335
Samusik_01,27,official_fixed_k40,12345,40,40,40,40,4.18999999999994,False,multiclass_rectangular_hungarian,86864,53173,24,40,40,0,1.6666666666666667,0.8780755797543999,0.7450849379377553,0.6749224091889392,0.6830131956612329,0.9647199625837566,0.8337314050363906,0.8828617432967627,0.8337314050363906,24,16,5289,2.0831043577656545,1.5596319839192214,4.458333333333333,0.7957768241914378,0.9465706279502755,1.6490583531354914,3.35
Samusik_01,28,official_auto_max40,12345,40,7,7,7,4.77999999999997,False,multiclass_rectangular_hungarian,86864,53173,24,7,7,0,0.2916666666666667,0.42046346174695354,0.19100101839748654,0.27391101481615404,0.2171673926665644,0.36120054206256563,0.5489440129388976,0.4203741928956479,0.5489440129388976,7,0,0,1.2052938685730814,1.0370909452061237,1.9583333333333333,0.654860634505668,0.5489440129388976,2.304305144235002,4.0
Samusik_01,28,official_fixed_ktrue,12345,24,24,24,24,2.13999999999999,False,multiclass_rectangular_hungarian,86864,53173,24,24,24,0,1.0,0.6024872744072465,0.6352053726919071,0.6803477569268539,0.6387383800662677,0.5796238626006843,0.6777499858950973,0.6011039462801879,0.6777499858950972,24,0,0,1.5342217337471507,1.3792359461795032,3.5416666666666665,0.7234842234621021,0.6884132924604592,1.9690259228743299,3.875
Samusik_01,28,official_fixed_k40,12345,40,40,40,40,4.24000000000001,False,multiclass_rectangular_hungarian,86864,53173,24,40,40,0,1.6666666666666667,0.8605342006493005,0.7471302990525119,0.7341642243070359,0.7143363030554148,0.9524292224691453,0.8354051868429466,0.8772977526831321,0.8354051868429466,24,16,5668,2.004806980759297,1.5694725970461247,4.5,0.7903678046225247,0.9357380625505426,1.6690516029886262,3.425
Samusik_01,29,official_auto_max40,12345,40,7,7,7,4.83000000000004,False,multiclass_rectangular_hungarian,86864,53173,24,7,7,0,0.2916666666666667,0.408727388891364,0.18909275494958952,0.25506253395856976,0.21131462159575576,0.3432752559604082,0.530588832678239,0.40275672434489274,0.530588832678239,7,0,0,1.2715239857118306,1.1073674384659462,2.0416666666666665,0.6483180169700212,0.530588832678239,2.2991180193206544,4.142857142857143
Samusik_01,29,official_fixed_ktrue,12345,24,24,24,24,1.88999999999999,False,multiclass_rectangular_hungarian,86864,53173,24,24,24,0,1.0,0.8616733697291661,0.6998002559752958,0.6999742558805074,0.6843360933310043,0.881482422627226,0.8812743309574409,0.8741618738296932,0.8812743309574408,24,0,0,1.5168044199236004,1.3452679352696864,3.375,0.793368037291129,0.8965264325879676,1.7718913402509175,3.5416666666666665
Samusik_01,29,official_fixed_k40,12345,40,40,40,40,4.39999999999998,False,multiclass_rectangular_hungarian,86864,53173,24,40,40,0,1.6666666666666667,0.8969387619196587,0.7444027161926364,0.6886647987149058,0.6908402126871366,0.9579377098817126,0.8489647001297651,0.8872804786057118,0.8489647001297651,24,16,4860,1.9947816099146343,1.7742541085978232,4.375,0.7922080210580368,0.9435051623944483,1.6730088319582663,3.275
Levine_32dim,0,official_auto_max40_selector_seed_sensitivity,0,40,6,6,6,4.72000000000003,False,multiclass_rectangular_hungarian,265627,104184,14,6,5,1,0.35714285714285715,0.6795100768420723,0.2567069747177843,0.34989792931180086,0.2891605202507067,0.5493459408752522,0.7040620440758658,0.6040713477933082,0.7040620440758658,5,0,0,1.0171428327052892,1.004816730459535,1.2142857142857142,0.7187795292097962,0.7040620440758658,1.9558303169127371,3.0
Levine_32dim,0,official_auto_max40_selector_seed_sensitivity,1,40,6,6,6,4.84000000000003,False,multiclass_rectangular_hungarian,265627,104184,14,6,5,1,0.35714285714285715,0.6795100768420723,0.2567069747177843,0.34989792931180086,0.2891605202507067,0.5493459408752522,0.7040620440758658,0.6040713477933082,0.7040620440758658,5,0,0,1.0171428327052892,1.004816730459535,1.2142857142857142,0.7187795292097962,0.7040620440758658,1.9558303169127371,3.0
Levine_32dim,0,official_auto_max40_selector_seed_sensitivity,2,40,6,6,6,4.88,False,multiclass_rectangular_hungarian,265627,104184,14,6,5,1,0.35714285714285715,0.6795100768420723,0.2567069747177843,0.34989792931180086,0.2891605202507067,0.5493459408752522,0.7040620440758658,0.6040713477933082,0.7040620440758658,5,0,0,1.0171428327052892,1.004816730459535,1.2142857142857142,0.7187795292097962,0.7040620440758658,1.9558303169127371,3.0
Levine_32dim,0,official_auto_max40_selector_seed_sensitivity,3,40,6,6,6,4.59000000000003,False,multiclass_rectangular_hungarian,265627,104184,14,6,5,1,0.35714285714285715,0.6795100768420723,0.2567069747177843,0.34989792931180086,0.2891605202507067,0.5493459408752522,0.7040620440758658,0.6040713477933082,0.7040620440758658,5,0,0,1.0171428327052892,1.004816730459535,1.2142857142857142,0.7187795292097962,0.7040620440758658,1.9558303169127371,3.0
Levine_32dim,0,official_auto_max40_selector_seed_sensitivity,4,40,6,6,6,4.62,False,multiclass_rectangular_hungarian,265627,104184,14,6,5,1,0.35714285714285715,0.6795100768420723,0.2567069747177843,0.34989792931180086,0.2891605202507067,0.5493459408752522,0.7040620440758658,0.6040713477933082,0.7040620440758658,5,0,0,1.0171428327052892,1.004816730459535,1.2142857142857142,0.7187795292097962,0.7040620440758658,1.9558303169127371,3.0
Levine_32dim,0,official_auto_max40_selector_seed_sensitivity,5,40,6,6,6,4.96999999999991,False,multiclass_rectangular_hungarian,265627,104184,14,6,5,1,0.35714285714285715,0.6795100768420723,0.2567069747177843,0.34989792931180086,0.2891605202507067,0.5493459408752522,0.7040620440758658,0.6040713477933082,0.7040620440758658,5,0,0,1.0171428327052892,1.004816730459535,1.2142857142857142,0.7187795292097962,0.7040620440758658,1.9558303169127371,3.0
Levine_32dim,0,official_auto_max40_selector_seed_sensitivity,6,40,6,6,6,4.74000000000001,False,multiclass_rectangular_hungarian,265627,104184,14,6,5,1,0.35714285714285715,0.6795100768420723,0.2567069747177843,0.34989792931180086,0.2891605202507067,0.5493459408752522,0.7040620440758658,0.6040713477933082,0.7040620440758658,5,0,0,1.0171428327052892,1.004816730459535,1.2142857142857142,0.7187795292097962,0.7040620440758658,1.9558303169127371,3.0
Levine_32dim,0,official_auto_max40_selector_seed_sensitivity,7,40,6,6,6,4.65000000000009,False,multiclass_rectangular_hungarian,265627,104184,14,6,5,1,0.35714285714285715,0.6795100768420723,0.2567069747177843,0.34989792931180086,0.2891605202507067,0.5493459408752522,0.7040620440758658,0.6040713477933082,0.7040620440758658,5,0,0,1.0171428327052892,1.004816730459535,1.2142857142857142,0.7187795292097962,0.7040620440758658,1.9558303169127371,3.0
Levine_32dim,0,official_auto_max40_selector_seed_sensitivity,8,40,6,6,6,5.38999999999999,False,multiclass_rectangular_hungarian,265627,104184,14,6,5,1,0.35714285714285715,0.6795100768420723,0.2567069747177843,0.34989792931180086,0.2891605202507067,0.5493459408752522,0.7040620440758658,0.6040713477933082,0.7040620440758658,5,0,0,1.0171428327052892,1.004816730459535,1.2142857142857142,0.7187795292097962,0.7040620440758658,1.9558303169127371,3.0
Levine_32dim,0,official_auto_max40_selector_seed_sensitivity,9,40,6,6,6,4.53999999999996,False,multiclass_rectangular_hungarian,265627,104184,14,6,5,1,0.35714285714285715,0.6795100768420723,0.2567069747177843,0.34989792931180086,0.2891605202507067,0.5493459408752522,0.7040620440758658,0.6040713477933082,0.7040620440758658,5,0,0,1.0171428327052892,1.004816730459535,1.2142857142857142,0.7187795292097962,0.7040620440758658,1.9558303169127371,3.0
Levine_32dim,0,official_auto_max40_selector_seed_sensitivity,10,40,6,6,6,5.34000000000003,False,multiclass_rectangular_hungarian,265627,104184,14,6,5,1,0.35714285714285715,0.6795100768420723,0.2567069747177843,0.34989792931180086,0.2891605202507067,0.5493459408752522,0.7040620440758658,0.6040713477933082,0.7040620440758658,5,0,0,1.0171428327052892,1.004816730459535,1.2142857142857142,0.7187795292097962,0.7040620440758658,1.9558303169127371,3.0
Levine_32dim,0,official_auto_max40_selector_seed_sensitivity,11,40,6,6,6,5.16999999999996,False,multiclass_rectangular_hungarian,265627,104184,14,6,5,1,0.35714285714285715,0.6795100768420723,0.2567069747177843,0.34989792931180086,0.2891605202507067,0.5493459408752522,0.7040620440758658,0.6040713477933082,0.7040620440758658,5,0,0,1.0171428327052892,1.004816730459535,1.2142857142857142,0.7187795292097962,0.7040620440758658,1.9558303169127371,3.0
Levine_32dim,0,official_auto_max40_selector_seed_sensitivity,12,40,6,6,6,5.14999999999998,False,multiclass_rectangular_hungarian,265627,104184,14,6,5,1,0.35714285714285715,0.6795100768420723,0.2567069747177843,0.34989792931180086,0.2891605202507067,0.5493459408752522,0.7040620440758658,0.6040713477933082,0.7040620440758658,5,0,0,1.0171428327052892,1.004816730459535,1.2142857142857142,0.7187795292097962,0.7040620440758658,1.9558303169127371,3.0
Levine_32dim,0,official_auto_max40_selector_seed_sensitivity,13,40,6,6,6,4.6400000000001,False,multiclass_rectangular_hungarian,265627,104184,14,6,5,1,0.35714285714285715,0.6795100768420723,0.2567069747177843,0.34989792931180086,0.2891605202507067,0.5493459408752522,0.7040620440758658,0.6040713477933082,0.7040620440758658,5,0,0,1.0171428327052892,1.004816730459535,1.2142857142857142,0.7187795292097962,0.7040620440758658,1.9558303169127371,3.0
Levine_32dim,0,official_auto_max40_selector_seed_sensitivity,14,40,6,6,6,4.77999999999997,False,multiclass_rectangular_hungarian,265627,104184,14,6,5,1,0.35714285714285715,0.6795100768420723,0.2567069747177843,0.34989792931180086,0.2891605202507067,0.5493459408752522,0.7040620440758658,0.6040713477933082,0.7040620440758658,5,0,0,1.0171428327052892,1.004816730459535,1.2142857142857142,0.7187795292097962,0.7040620440758658,1.9558303169127371,3.0
Levine_32dim,0,official_auto_max40_selector_seed_sensitivity,15,40,6,6,6,5.0,False,multiclass_rectangular_hungarian,265627,104184,14,6,5,1,0.35714285714285715,0.6795100768420723,0.2567069747177843,0.34989792931180086,0.2891605202507067,0.5493459408752522,0.7040620440758658,0.6040713477933082,0.7040620440758658,5,0,0,1.0171428327052892,1.004816730459535,1.2142857142857142,0.7187795292097962,0.7040620440758658,1.9558303169127371,3.0
Levine_32dim,0,official_auto_max40_selector_seed_sensitivity,16,40,6,6,6,4.58000000000004,False,multiclass_rectangular_hungarian,265627,104184,14,6,5,1,0.35714285714285715,0.6795100768420723,0.2567069747177843,0.34989792931180086,0.2891605202507067,0.5493459408752522,0.7040620440758658,0.6040713477933082,0.7040620440758658,5,0,0,1.0171428327052892,1.004816730459535,1.2142857142857142,0.7187795292097962,0.7040620440758658,1.9558303169127371,3.0
Levine_32dim,0,official_auto_max40_selector_seed_sensitivity,17,40,6,6,6,4.80999999999995,False,multiclass_rectangular_hungarian,265627,104184,14,6,5,1,0.35714285714285715,0.6795100768420723,0.2567069747177843,0.34989792931180086,0.2891605202507067,0.5493459408752522,0.7040620440758658,0.6040713477933082,0.7040620440758658,5,0,0,1.0171428327052892,1.004816730459535,1.2142857142857142,0.7187795292097962,0.7040620440758658,1.9558303169127371,3.0
Levine_32dim,0,official_auto_max40_selector_seed_sensitivity,18,40,6,6,6,5.0,False,multiclass_rectangular_hungarian,265627,104184,14,6,5,1,0.35714285714285715,0.6795100768420723,0.2567069747177843,0.34989792931180086,0.2891605202507067,0.5493459408752522,0.7040620440758658,0.6040713477933082,0.7040620440758658,5,0,0,1.0171428327052892,1.004816730459535,1.2142857142857142,0.7187795292097962,0.7040620440758658,1.9558303169127371,3.0
Levine_32dim,0,official_auto_max40_selector_seed_sensitivity,19,40,6,6,6,5.0,False,multiclass_rectangular_hungarian,265627,104184,14,6,5,1,0.35714285714285715,0.6795100768420723,0.2567069747177843,0.34989792931180086,0.2891605202507067,0.5493459408752522,0.7040620440758658,0.6040713477933082,0.7040620440758658,5,0,0,1.0171428327052892,1.004816730459535,1.2142857142857142,0.7187795292097962,0.7040620440758658,1.9558303169127371,3.0
Levine_32dim,0,official_auto_max40_selector_seed_sensitivity,20,40,6,6,6,4.45000000000005,False,multiclass_rectangular_hungarian,265627,104184,14,6,5,1,0.35714285714285715,0.6795100768420723,0.2567069747177843,0.34989792931180086,0.2891605202507067,0.5493459408752522,0.7040620440758658,0.6040713477933082,0.7040620440758658,5,0,0,1.0171428327052892,1.004816730459535,1.2142857142857142,0.7187795292097962,0.7040620440758658,1.9558303169127371,3.0
Levine_32dim,0,official_auto_max40_selector_seed_sensitivity,21,40,6,6,6,4.68999999999994,False,multiclass_rectangular_hungarian,265627,104184,14,6,5,1,0.35714285714285715,0.6795100768420723,0.2567069747177843,0.34989792931180086,0.2891605202507067,0.5493459408752522,0.7040620440758658,0.6040713477933082,0.7040620440758658,5,0,0,1.0171428327052892,1.004816730459535,1.2142857142857142,0.7187795292097962,0.7040620440758658,1.9558303169127371,3.0
Levine_32dim,0,official_auto_max40_selector_seed_sensitivity,22,40,6,6,6,5.05000000000007,False,multiclass_rectangular_hungarian,265627,104184,14,6,5,1,0.35714285714285715,0.6795100768420723,0.2567069747177843,0.34989792931180086,0.2891605202507067,0.5493459408752522,0.7040620440758658,0.6040713477933082,0.7040620440758658,5,0,0,1.0171428327052892,1.004816730459535,1.2142857142857142,0.7187795292097962,0.7040620440758658,1.9558303169127371,3.0
Levine_32dim,0,official_auto_max40_selector_seed_sensitivity,23,40,6,6,6,5.1099999999999,False,multiclass_rectangular_hungarian,265627,104184,14,6,5,1,0.35714285714285715,0.6795100768420723,0.2567069747177843,0.34989792931180086,0.2891605202507067,0.5493459408752522,0.7040620440758658,0.6040713477933082,0.7040620440758658,5,0,0,1.0171428327052892,1.004816730459535,1.2142857142857142,0.7187795292097962,0.7040620440758658,1.9558303169127371,3.0
Levine_32dim,0,official_auto_max40_selector_seed_sensitivity,24,40,6,6,6,4.47000000000003,False,multiclass_rectangular_hungarian,265627,104184,14,6,5,1,0.35714285714285715,0.6795100768420723,0.2567069747177843,0.34989792931180086,0.2891605202507067,0.5493459408752522,0.7040620440758658,0.6040713477933082,0.7040620440758658,5,0,0,1.0171428327052892,1.004816730459535,1.2142857142857142,0.7187795292097962,0.7040620440758658,1.9558303169127371,3.0
Levine_32dim,0,official_auto_max40_selector_seed_sensitivity,25,40,6,6,6,4.97000000000003,False,multiclass_rectangular_hungarian,265627,104184,14,6,5,1,0.35714285714285715,0.6795100768420723,0.2567069747177843,0.34989792931180086,0.2891605202507067,0.5493459408752522,0.7040620440758658,0.6040713477933082,0.7040620440758658,5,0,0,1.0171428327052892,1.004816730459535,1.2142857142857142,0.7187795292097962,0.7040620440758658,1.9558303169127371,3.0
Levine_32dim,0,official_auto_max40_selector_seed_sensitivity,26,40,6,6,6,5.13999999999999,False,multiclass_rectangular_hungarian,265627,104184,14,6,5,1,0.35714285714285715,0.6795100768420723,0.2567069747177843,0.34989792931180086,0.2891605202507067,0.5493459408752522,0.7040620440758658,0.6040713477933082,0.7040620440758658,5,0,0,1.0171428327052892,1.004816730459535,1.2142857142857142,0.7187795292097962,0.7040620440758658,1.9558303169127371,3.0
Levine_32dim,0,official_auto_max40_selector_seed_sensitivity,27,40,6,6,6,4.72000000000003,False,multiclass_rectangular_hungarian,265627,104184,14,6,5,1,0.35714285714285715,0.6795100768420723,0.2567069747177843,0.34989792931180086,0.2891605202507067,0.5493459408752522,0.7040620440758658,0.6040713477933082,0.7040620440758658,5,0,0,1.0171428327052892,1.004816730459535,1.2142857142857142,0.7187795292097962,0.7040620440758658,1.9558303169127371,3.0
Levine_32dim,0,official_auto_max40_selector_seed_sensitivity,28,40,6,6,6,4.83000000000004,False,multiclass_rectangular_hungarian,265627,104184,14,6,5,1,0.35714285714285715,0.6795100768420723,0.2567069747177843,0.34989792931180086,0.2891605202507067,0.5493459408752522,0.7040620440758658,0.6040713477933082,0.7040620440758658,5,0,0,1.0171428327052892,1.004816730459535,1.2142857142857142,0.7187795292097962,0.7040620440758658,1.9558303169127371,3.0
Levine_32dim,0,official_auto_max40_selector_seed_sensitivity,29,40,6,6,6,4.82999999999993,False,multiclass_rectangular_hungarian,265627,104184,14,6,5,1,0.35714285714285715,0.6795100768420723,0.2567069747177843,0.34989792931180086,0.2891605202507067,0.5493459408752522,0.7040620440758658,0.6040713477933082,0.7040620440758658,5,0,0,1.0171428327052892,1.004816730459535,1.2142857142857142,0.7187795292097962,0.7040620440758658,1.9558303169127371,3.0
Samusik_01,0,official_auto_max40_selector_seed_sensitivity,0,40,9,9,9,4.98000000000002,False,multiclass_rectangular_hungarian,86864,53173,24,9,9,0,0.375,0.42082668401642087,0.2643672963071485,0.32864984762632826,0.28409998050107044,0.3571659799892756,0.5486243018073083,0.4195621571083168,0.5486243018073083,9,0,0,1.382805156175887,1.1325542097663677,2.3333333333333335,0.7049794568190627,0.5486243018073083,1.9825961200063995,3.888888888888889
Samusik_01,0,official_auto_max40_selector_seed_sensitivity,1,40,11,11,11,4.97000000000003,False,multiclass_rectangular_hungarian,86864,53173,24,11,11,0,0.4583333333333333,0.4538034268069311,0.33296890785461924,0.41082028051742236,0.35788536413464006,0.38664252022314605,0.5730163804938597,0.4482222355531773,0.5730163804938596,11,0,0,1.3789393379724053,1.1007684243351388,2.4583333333333335,0.7264776171373509,0.5730163804938596,1.855549203726251,3.4545454545454546
Samusik_01,0,official_auto_max40_selector_seed_sensitivity,2,40,9,9,9,6.69999999999993,False,multiclass_rectangular_hungarian,86864,53173,24,9,9,0,0.375,0.420188490289303,0.2677653648070679,0.32864984762632826,0.2874608121339445,0.3561629097879143,0.5486243018073083,0.41953597035961393,0.5486243018073083,9,0,0,1.35689363032819,1.0826470739852074,2.2916666666666665,0.7140409728188478,0.5486243018073083,1.9257394157867571,3.888888888888889
Samusik_01,0,official_auto_max40_selector_seed_sensitivity,3,40,11,11,11,4.99000000000001,False,multiclass_rectangular_hungarian,86864,53173,24,11,11,0,0.4583333333333333,0.454295330620517,0.33026688187425174,0.41082028051742236,0.3546874603446501,0.3887476762915097,0.5730163804938597,0.44850639572726697,0.5730163804938596,11,0,0,1.4051344336962721,1.1592586038388355,2.5,0.7205822877256401,0.5730163804938596,1.9048062703451223,3.4545454545454546
Samusik_01,0,official_auto_max40_selector_seed_sensitivity,4,40,9,9,9,4.98000000000002,False,multiclass_rectangular_hungarian,86864,53173,24,9,9,0,0.375,0.420188490289303,0.2677653648070679,0.32864984762632826,0.2874608121339445,0.3561629097879143,0.5486243018073083,0.41953597035961393,0.5486243018073083,9,0,0,1.35689363032819,1.0826470739852074,2.2916666666666665,0.7140409728188478,0.5486243018073083,1.9257394157867571,3.888888888888889
Samusik_01,0,official_auto_max40_selector_seed_sensitivity,5,40,10,10,10,5.06000000000006,False,multiclass_rectangular_hungarian,86864,53173,24,10,10,0,0.4166666666666667,0.4520859968807198,0.3096885545504004,0.3701524722982443,0.3294503862060848,0.3787030179119073,0.5676565174054501,0.4420222216845485,0.5676565174054501,10,0,0,1.358172397064178,1.0826470739852074,2.3333333333333335,0.7432525309209611,0.5676565174054501,1.8175381872552507,3.5
Samusik_01,0,official_auto_max40_selector_seed_sensitivity,6,40,10,10,10,5.11000000000001,False,multiclass_rectangular_hungarian,86864,53173,24,10,10,0,0.4166666666666667,0.4520859968807198,0.3096885545504004,0.3701524722982443,0.3294503862060848,0.3787030179119073,0.5676565174054501,0.4420222216845485,0.5676565174054501,10,0,0,1.358172397064178,1.0826470739852074,2.3333333333333335,0.7432525309209611,0.5676565174054501,1.8175381872552507,3.5
Samusik_01,0,official_auto_max40_selector_seed_sensitivity,7,40,9,9,9,5.2399999999999,False,multiclass_rectangular_hungarian,86864,53173,24,9,9,0,0.375,0.420188490289303,0.2677653648070679,0.32864984762632826,0.2874608121339445,0.3561629097879143,0.5486243018073083,0.41953597035961393,0.5486243018073083,9,0,0,1.35689363032819,1.0826470739852074,2.2916666666666665,0.7140409728188478,0.5486243018073083,1.9257394157867571,3.888888888888889
Samusik_01,0,official_auto_max40_selector_seed_sensitivity,8,40,9,9,9,4.7600000000001,False,multiclass_rectangular_hungarian,86864,53173,24,9,9,0,0.375,0.420188490289303,0.2677653648070679,0.32864984762632826,0.2874608121339445,0.3561629097879143,0.5486243018073083,0.41953597035961393,0.5486243018073083,9,0,0,1.35689363032819,1.0826470739852074,2.2916666666666665,0.7140409728188478,0.5486243018073083,1.9257394157867571,3.888888888888889
Samusik_01,0,official_auto_max40_selector_seed_sensitivity,9,40,9,9,9,5.0,False,multiclass_rectangular_hungarian,86864,53173,24,9,9,0,0.375,0.42082668401642087,0.2643672963071485,0.32864984762632826,0.28409998050107044,0.3571659799892756,0.5486243018073083,0.4195621571083168,0.5486243018073083,9,0,0,1.382805156175887,1.1325542097663677,2.3333333333333335,0.7049794568190627,0.5486243018073083,1.9825961200063995,3.888888888888889
Samusik_01,0,official_auto_max40_selector_seed_sensitivity,10,40,9,9,9,4.88,False,multiclass_rectangular_hungarian,86864,53173,24,9,9,0,0.375,0.42082668401642087,0.2643672963071485,0.32864984762632826,0.28409998050107044,0.3571659799892756,0.5486243018073083,0.4195621571083168,0.5486243018073083,9,0,0,1.382805156175887,1.1325542097663677,2.3333333333333335,0.7049794568190627,0.5486243018073083,1.9825961200063995,3.888888888888889
Samusik_01,0,official_auto_max40_selector_seed_sensitivity,11,40,11,11,11,5.33999999999992,False,multiclass_rectangular_hungarian,86864,53173,24,11,11,0,0.4583333333333333,0.4538034268069311,0.33296890785461924,0.41082028051742236,0.35788536413464006,0.38664252022314605,0.5730163804938597,0.4482222355531773,0.5730163804938596,11,0,0,1.3789393379724053,1.1007684243351388,2.4583333333333335,0.7264776171373509,0.5730163804938596,1.855549203726251,3.4545454545454546
Samusik_01,0,official_auto_max40_selector_seed_sensitivity,12,40,10,10,10,5.10000000000002,False,multiclass_rectangular_hungarian,86864,53173,24,10,10,0,0.4166666666666667,0.4527738501362366,0.306290486050481,0.3701524722982443,0.32608955457321076,0.37970608811326845,0.5676565174054501,0.4420484084332513,0.5676565174054501,10,0,0,1.3841031648984352,1.1325542097663677,2.375,0.7350971665211544,0.5676565174054501,1.8687092210529286,3.5
Samusik_01,0,official_auto_max40_selector_seed_sensitivity,13,40,9,9,9,4.77999999999997,False,multiclass_rectangular_hungarian,86864,53173,24,9,9,0,0.375,0.42082668401642087,0.2643672963071485,0.32864984762632826,0.28409998050107044,0.3571659799892756,0.5486243018073083,0.4195621571083168,0.5486243018073083,9,0,0,1.382805156175887,1.1325542097663677,2.3333333333333335,0.7049794568190627,0.5486243018073083,1.9825961200063995,3.888888888888889
Samusik_01,0,official_auto_max40_selector_seed_sensitivity,14,40,11,11,11,4.86000000000001,False,multiclass_rectangular_hungarian,86864,53173,24,11,11,0,0.4583333333333333,0.4538034268069311,0.33296890785461924,0.41082028051742236,0.35788536413464006,0.38664252022314605,0.5730163804938597,0.4482222355531773,0.5730163804938596,11,0,0,1.3789393379724053,1.1007684243351388,2.4583333333333335,0.7264776171373509,0.5730163804938596,1.855549203726251,3.4545454545454546
Samusik_01,0,official_auto_max40_selector_seed_sensitivity,15,40,10,10,10,4.84000000000003,False,multiclass_rectangular_hungarian,86864,53173,24,10,10,0,0.4166666666666667,0.4527738501362366,0.306290486050481,0.3701524722982443,0.32608955457321076,0.37970608811326845,0.5676565174054501,0.4420484084332513,0.5676565174054501,10,0,0,1.3841031648984352,1.1325542097663677,2.375,0.7350971665211544,0.5676565174054501,1.8687092210529286,3.5
Samusik_01,0,official_auto_max40_selector_seed_sensitivity,16,40,11,11,11,5.06000000000006,False,multiclass_rectangular_hungarian,86864,53173,24,11,11,0,0.4583333333333333,0.454295330620517,0.33026688187425174,0.41082028051742236,0.3546874603446501,0.3887476762915097,0.5730163804938597,0.44850639572726697,0.5730163804938596,11,0,0,1.4051344336962721,1.1592586038388355,2.5,0.7205822877256401,0.5730163804938596,1.9048062703451223,3.4545454545454546
Samusik_01,0,official_auto_max40_selector_seed_sensitivity,17,40,9,9,9,4.89999999999998,False,multiclass_rectangular_hungarian,86864,53173,24,9,9,0,0.375,0.42082668401642087,0.2643672963071485,0.32864984762632826,0.28409998050107044,0.3571659799892756,0.5486243018073083,0.4195621571083168,0.5486243018073083,9,0,0,1.382805156175887,1.1325542097663677,2.3333333333333335,0.7049794568190627,0.5486243018073083,1.9825961200063995,3.888888888888889
Samusik_01,0,official_auto_max40_selector_seed_sensitivity,18,40,11,11,11,5.13,False,multiclass_rectangular_hungarian,86864,53173,24,11,11,0,0.4583333333333333,0.4538034268069311,0.33296890785461924,0.41082028051742236,0.35788536413464006,0.38664252022314605,0.5730163804938597,0.4482222355531773,0.5730163804938596,11,0,0,1.3789393379724053,1.1007684243351388,2.4583333333333335,0.7264776171373509,0.5730163804938596,1.855549203726251,3.4545454545454546
Samusik_01,0,official_auto_max40_selector_seed_sensitivity,19,40,9,9,9,4.86000000000001,False,multiclass_rectangular_hungarian,86864,53173,24,9,9,0,0.375,0.42082668401642087,0.2643672963071485,0.32864984762632826,0.28409998050107044,0.3571659799892756,0.5486243018073083,0.4195621571083168,0.5486243018073083,9,0,0,1.382805156175887,1.1325542097663677,2.3333333333333335,0.7049794568190627,0.5486243018073083,1.9825961200063995,3.888888888888889
Samusik_01,0,official_auto_max40_selector_seed_sensitivity,20,40,11,11,11,5.36000000000001,False,multiclass_rectangular_hungarian,86864,53173,24,11,11,0,0.4583333333333333,0.454295330620517,0.33026688187425174,0.41082028051742236,0.3546874603446501,0.3887476762915097,0.5730163804938597,0.44850639572726697,0.5730163804938596,11,0,0,1.4051344336962721,1.1592586038388355,2.5,0.7205822877256401,0.5730163804938596,1.9048062703451223,3.4545454545454546
Samusik_01,0,official_auto_max40_selector_seed_sensitivity,21,40,11,11,11,4.91999999999996,False,multiclass_rectangular_hungarian,86864,53173,24,11,11,0,0.4583333333333333,0.4538034268069311,0.33296890785461924,0.41082028051742236,0.35788536413464006,0.38664252022314605,0.5730163804938597,0.4482222355531773,0.5730163804938596,11,0,0,1.3789393379724053,1.1007684243351388,2.4583333333333335,0.7264776171373509,0.5730163804938596,1.855549203726251,3.4545454545454546
Samusik_01,0,official_auto_max40_selector_seed_sensitivity,22,40,9,9,9,5.01999999999998,False,multiclass_rectangular_hungarian,86864,53173,24,9,9,0,0.375,0.42082668401642087,0.2643672963071485,0.32864984762632826,0.28409998050107044,0.3571659799892756,0.5486243018073083,0.4195621571083168,0.5486243018073083,9,0,0,1.382805156175887,1.1325542097663677,2.3333333333333335,0.7049794568190627,0.5486243018073083,1.9825961200063995,3.888888888888889
Samusik_01,0,official_auto_max40_selector_seed_sensitivity,23,40,10,10,10,5.03999999999996,False,multiclass_rectangular_hungarian,86864,53173,24,10,10,0,0.4166666666666667,0.4217800032020888,0.2910457181112867,0.3693176558455063,0.31589579006249974,0.3641024120991531,0.5539841648957178,0.42573598422824277,0.5539841648957178,10,0,0,1.3775843014630513,1.1007684243351388,2.4166666666666665,0.6985097234670882,0.5539841648957178,1.9567314110517073,3.8
Samusik_01,0,official_auto_max40_selector_seed_sensitivity,24,40,10,10,10,4.99000000000001,False,multiclass_rectangular_hungarian,86864,53173,24,10,10,0,0.4166666666666667,0.4520859968807198,0.3096885545504004,0.3701524722982443,0.3294503862060848,0.3787030179119073,0.5676565174054501,0.4420222216845485,0.5676565174054501,10,0,0,1.358172397064178,1.0826470739852074,2.3333333333333335,0.7432525309209611,0.5676565174054501,1.8175381872552507,3.5
Samusik_01,0,official_auto_max40_selector_seed_sensitivity,25,40,9,9,9,5.08000000000004,False,multiclass_rectangular_hungarian,86864,53173,24,9,9,0,0.375,0.420188490289303,0.2677653648070679,0.32864984762632826,0.2874608121339445,0.3561629097879143,0.5486243018073083,0.41953597035961393,0.5486243018073083,9,0,0,1.35689363032819,1.0826470739852074,2.2916666666666665,0.7140409728188478,0.5486243018073083,1.9257394157867571,3.888888888888889
Samusik_01,0,official_auto_max40_selector_seed_sensitivity,26,40,10,10,10,5.37,False,multiclass_rectangular_hungarian,86864,53173,24,10,10,0,0.4166666666666667,0.4527738501362366,0.306290486050481,0.3701524722982443,0.32608955457321076,0.37970608811326845,0.5676565174054501,0.4420484084332513,0.5676565174054501,10,0,0,1.3841031648984352,1.1325542097663677,2.375,0.7350971665211544,0.5676565174054501,1.8687092210529286,3.5
Samusik_01,0,official_auto_max40_selector_seed_sensitivity,27,40,10,10,10,4.91999999999996,False,multiclass_rectangular_hungarian,86864,53173,24,10,10,0,0.4166666666666667,0.4527738501362366,0.306290486050481,0.3701524722982443,0.32608955457321076,0.37970608811326845,0.5676565174054501,0.4420484084332513,0.5676565174054501,10,0,0,1.3841031648984352,1.1325542097663677,2.375,0.7350971665211544,0.5676565174054501,1.8687092210529286,3.5
Samusik_01,0,official_auto_max40_selector_seed_sensitivity,28,40,11,11,11,4.86000000000001,False,multiclass_rectangular_hungarian,86864,53173,24,11,11,0,0.4583333333333333,0.454295330620517,0.33026688187425174,0.41082028051742236,0.3546874603446501,0.3887476762915097,0.5730163804938597,0.44850639572726697,0.5730163804938596,11,0,0,1.4051344336962721,1.1592586038388355,2.5,0.7205822877256401,0.5730163804938596,1.9048062703451223,3.4545454545454546
Samusik_01,0,official_auto_max40_selector_seed_sensitivity,29,40,10,10,10,4.97000000000003,False,multiclass_rectangular_hungarian,86864,53173,24,10,10,0,0.4166666666666667,0.422235333468471,0.28834369213091926,0.3693176558455063,0.3126978862725098,0.36620756816751676,0.5539841648957178,0.4260201444023324,0.5539841648957178,10,0,0,1.4037561879931302,1.1592586038388355,2.4583333333333335,0.6920248611142062,0.5539841648957178,2.0109141843324654,3.8
